Identifier,StructureData,,,,,
Entry ID,Collection Temperature,Detector,Collection Date,Diffraction Source General Class,Diffraction Source Make, Model or Name,
"3BNL","100","CCD","2007-02-25","SYNCHROTRON","ESRF BEAMLINE BM30A"
"3BNN","100","CCD","2005-06-10","SYNCHROTRON","SLS BEAMLINE X10SA"
"3BNO","100","CCD","2005-09-08","SYNCHROTRON","ESRF BEAMLINE ID23-1"
"3BNP","100","CCD","2004-03-17","SYNCHROTRON","SLS BEAMLINE X10SA"
"3BNQ","100","CCD","2007-05-20","SYNCHROTRON","ESRF BEAMLINE ID23-1"
"3BNR","100","CCD","2007-05-20","SYNCHROTRON","ESRF BEAMLINE ID23-1"
"3BNS","100","CCD","2007-09-03","SYNCHROTRON","ESRF BEAMLINE ID14-2"
"3BNT","100","CCD","2007-02-25","SYNCHROTRON","ESRF BEAMLINE BM30A"
"3CUL","100","CCD","2006-02-01","SYNCHROTRON","ALS BEAMLINE 5.0.2"
"3CUN","100","CCD","2005-10-06","SYNCHROTRON","ALS BEAMLINE 5.0.2"
"2VUM","100","PIXEL","2007-06-19","SYNCHROTRON","SLS BEAMLINE X06SA"
"2ZJP","100","CCD","2006-02-01","SYNCHROTRON","SLS BEAMLINE X06SA"
,,"CCD","2007-12-03","SYNCHROTRON","ESRF BEAMLINE ID29"
"2ZJQ","100","CCD",,"SYNCHROTRON","ESRF BEAMLINE ID29"
,,"CCD","2007-12-03","SYNCHROTRON","SLS BEAMLINE X06SA"
"2ZJR","100","CCD",,"SYNCHROTRON","SLS BEAMLINE X06SA"
"3CF5","100","CCD",,"SYNCHROTRON","SLS BEAMLINE X06SA"
,,"CCD","2007-12-03","SYNCHROTRON","ESRF BEAMLINE ID29"
"2JXQ"
"2JXS"
"3CC2","100","IMAGE PLATE","2000-02-25","SYNCHROTRON","NSLS BEAMLINE X25"
,,"IMAGE PLATE","2000-02-25","SYNCHROTRON","APS BEAMLINE 19-ID"
"3CC4","100","CCD","2005-09-18","SYNCHROTRON","NSLS BEAMLINE X29A"
"3CC7","100","CCD","2005-09-18","SYNCHROTRON","NSLS BEAMLINE X29A"
"3CCE","100","CCD","2005-09-18","SYNCHROTRON","NSLS BEAMLINE X29A"
"3CCJ","100","CCD","2005-09-18","SYNCHROTRON","NSLS BEAMLINE X29A"
"3CCL","100","CCD","2005-09-18","SYNCHROTRON","NSLS BEAMLINE X29A"
"3CCM","100","CCD","2005-09-18","SYNCHROTRON","NSLS BEAMLINE X29A"
"3CCQ","100","CCD","2005-07-28","SYNCHROTRON","NSLS BEAMLINE X29A"
"3CCR","100","CCD","2007-04-08","SYNCHROTRON","NSLS BEAMLINE X29A"
"3CCS","100","CCD","2007-02-28","SYNCHROTRON","NSLS BEAMLINE X29A"
"3CCU","100","CCD","2007-04-04","SYNCHROTRON","APS BEAMLINE 24-ID-C"
"3CCV","100","CCD","2007-04-04","SYNCHROTRON","APS BEAMLINE 24-ID-C"
"3CD6","100","CCD","2007-10-14","SYNCHROTRON","APS BEAMLINE 24-ID-C"
"3CQS","100","IMAGE PLATE","2007-04-07","ROTATING ANODE","RIGAKU RUH2R"
"2QEK","90","CCD","2007-04-23","SYNCHROTRON","ESRF BEAMLINE ID23-1"
"2R7Y","100","CCD","2006-08-12","SYNCHROTRON","NSLS BEAMLINE X12C"
"2VOD","100","CCD","2007-07-15","SYNCHROTRON","ESRF BEAMLINE ID23-1"
"2VON","100","CCD","2007-09-13","SYNCHROTRON","ESRF BEAMLINE ID23-1"
"2VOO","100","CCD","2006-12-13","SYNCHROTRON","ESRF BEAMLINE ID14-1"
"2VOP","100","CCD","2006-07-12","SYNCHROTRON","ESRF BEAMLINE ID23-1"
"3C44","90","CCD","2004-07-22","SYNCHROTRON","ESRF BEAMLINE ID23-1"
"3CIY","70","CCD","2007-11-29","SYNCHROTRON","APS BEAMLINE 22-ID"
"2JXV"
"2JYM"
"2VQE","100","CCD","2006-02-16","SYNCHROTRON","SLS BEAMLINE X06SA"
"2VQF","100","CCD","2007-05-16","SYNCHROTRON","ESRF BEAMLINE ID14-4"
"3BT7","100","CCD","2007-01-24","SYNCHROTRON","ALS BEAMLINE 8.3.1"
"3BWP","100","CCD","2007-06-17","SYNCHROTRON","APS BEAMLINE 24-ID-C"
"2VNU","100","CCD","2007-06-12","SYNCHROTRON","SLS BEAMLINE X10SA"
"3BSB","100","CCD","2006-08-04","SYNCHROTRON","APS BEAMLINE 17-ID"
,,"CCD","2006-12-08","SYNCHROTRON","APS BEAMLINE 17-BM"
"3BSX",,"IMAGE PLATE","2007-05-05","SYNCHROTRON","NSLS BEAMLINE X4C"
"2PN3","77","CCD","2004-10-30","SYNCHROTRON","APS BEAMLINE 14-ID-B"
"2PN4","77","CCD","2006-03-04","SYNCHROTRON","APS BEAMLINE 8-BM"
"2QA4","100","CCD","2005-12-10","SYNCHROTRON","APS BEAMLINE 24-ID-C"
"3BO2","100","CCD","2004-11-12","SYNCHROTRON","NSLS BEAMLINE X25"
"3BO3","100","CCD","2006-10-25","SYNCHROTRON","NSLS BEAMLINE X25"
"3BO4","100","CCD","2006-07-27","SYNCHROTRON","NSLS BEAMLINE X26C"
"3BSU","100","CCD","2006-08-03","SYNCHROTRON","APS BEAMLINE 22-ID"
"2PO1","100","CCD","2006-05-10","SYNCHROTRON","LNLS BEAMLINE D03B-MX1"
"2R1G"
"2V7R","100","CCD",,"SYNCHROTRON","EMBL/DESY, HAMBURG BEAMLINE X13"
"3BX2","100","CCD","2007-07-10","ROTATING ANODE","RIGAKU MICROMAX-007 HF"
"3BX3","100","CCD","2007-08-07","ROTATING ANODE","RIGAKU MICROMAX-007 HF"
"2RDO"
"2RLU"
"2RFK","100","CCD","2007-02-18","SYNCHROTRON","APS BEAMLINE 22-ID"
"2OOM"
"2QWY","100",,"2007-04-10","ROTATING ANODE","RIGAKU"
"2OM7"
"2RD2","100","CCD","2004-07-02","SYNCHROTRON","SSRL BEAMLINE BL9-1"
"2RE8","100","CCD","2004-07-02","SYNCHROTRON","SSRL BEAMLINE BL9-1"
"3BOY","100","CCD","2006-04-18","SYNCHROTRON","SPRING-8 BEAMLINE BL26B1"
"2JWV"
"2RKJ","100","CCD","2006-12-07","SYNCHROTRON","APS BEAMLINE 23-ID-D"
"3BSN","100","CCD","2007-10-09","SYNCHROTRON","CLSI BEAMLINE 08ID-1"
"3BSO","100","CCD","2007-12-01","SYNCHROTRON","ALS BEAMLINE 8.3.1"
"2OIY","100","CCD","2001-02-24","SYNCHROTRON","ESRF BEAMLINE ID14-2"
"2OJ0","100","CCD","2001-06-04","SYNCHROTRON","ESRF BEAMLINE BM30A"
"3B31",,"IMAGE PLATE",,"ROTATING ANODE","RIGAKU"
,,"CCD",,"SYNCHROTRON","ALS BEAMLINE 12.3.1"
"2QUX","100","CCD","2007-02-19","SYNCHROTRON","APS BEAMLINE 31-ID"
"3B4A","100","CCD","2006-09-24","SYNCHROTRON","ALS BEAMLINE 8.2.2"
"3B4B","100","IMAGE PLATE","2007-07-30","ROTATING ANODE","RIGAKU"
"3B4C","100","CCD","2007-07-12","SYNCHROTRON","ALS BEAMLINE 5.0.2"
"2O43",,"CCD",,"SYNCHROTRON","APS BEAMLINE 19-ID"
,,"CCD",,"SYNCHROTRON","ESRF BEAMLINE ID29"
"2O44",,"CCD",,"SYNCHROTRON","APS BEAMLINE 19-ID"
,,"CCD",,"SYNCHROTRON","ESRF BEAMLINE ID29"
"2O45",100,"CCD",,"SYNCHROTRON","APS BEAMLINE 19-ID"
,,,,"SYNCHROTRON","ESRF BEAMLINE ID29"
"2R8S",100,"CCD","2006-05-29","SYNCHROTRON","APS BEAMLINE 19-BM"
,100,"IMAGE PLATE","2006-06-05","SYNCHROTRON","APS BEAMLINE 23-ID-D"
,100,"IMAGE PLATE","2006-06-15","SYNCHROTRON","APS BEAMLINE 22-ID"

"2R92","100","CCD","2007-02-05","SYNCHROTRON","SLS BEAMLINE X06SA"
"2R93","100","CCD","2007-05-05","SYNCHROTRON","SLS BEAMLINE X06SA"
"2JSE"
"2JUK"
"2NUE","100","CCD","2005-01-18","SYNCHROTRON","APS BEAMLINE 22-ID"
"2NUF","100","CCD","2005-11-23","SYNCHROTRON","APS BEAMLINE 22-ID"
"2NUG","100","CCD","2006-07-03","SYNCHROTRON","APS BEAMLINE 22-ID"
"2R7Z","100","CCD","2006-12-18","SYNCHROTRON","SLS BEAMLINE X06SA"
"2EES","100","IMAGE PLATE","2006-06-22","ROTATING ANODE","RIGAKU"
"2EET","100","IMAGE PLATE","2006-06-27","ROTATING ANODE","RIGAKU"
"2EEU","100","IMAGE PLATE","2006-05-16","ROTATING ANODE","RIGAKU"
"2EEV","100","IMAGE PLATE","2006-06-09","ROTATING ANODE","RIGAKU"
"2EEW","100","IMAGE PLATE","2006-07-07","ROTATING ANODE","RIGAKU"
"2QK9","100","CCD",,"SYNCHROTRON","APS BEAMLINE 22-ID"
"2QKB","100",,,"SYNCHROTRON","APS BEAMLINE 22-ID"
"2QKK","100","CCD","2005-07-11","SYNCHROTRON","APS BEAMLINE 22-ID"
"2O3V","100","CCD","2006-05-22","SYNCHROTRON","ESRF BEAMLINE ID29"
"2O3W","100","CCD","2005-11-28","SYNCHROTRON","ESRF BEAMLINE ID29"
"2O3X","100","CCD","2006-05-22","SYNCHROTRON","ESRF BEAMLINE ID29"
"2O3Y","100","CCD","2006-03-02","SYNCHROTRON","ESRF BEAMLINE ID23-2"
"2PLY","100","CCD","2003-02-20","SYNCHROTRON","ESRF BEAMLINE BM30A"
"2V6W","100","CCD",,"SYNCHROTRON","ELETTRA BEAMLINE 5.2R"
"2PJP","100","CCD","2005-11-19","SYNCHROTRON","ESRF BEAMLINE BM30A"
"2PN9"
"2Q1O","120","CCD","2005-11-16","SYNCHROTRON","APS BEAMLINE 22-ID"
"2Q1R","120","CCD","2004-03-26","SYNCHROTRON","APS BEAMLINE 5ID-B"
"2OM3"
"2VAL","100","CCD",,"SYNCHROTRON","EMBL/DESY, HAMBURG BEAMLINE X13"
"2Z9Q"
"2JTP"
"2UXD","100","CCD","2005-10-12","SYNCHROTRON","ESRF BEAMLINE ID14-4"
"2VAZ"
"2QH2"
"2QH3"
"2QH4"
"2R1S","80","IMAGE PLATE","2003-02-03","SYNCHROTRON","ESRF BEAMLINE BM30A"
"2R20","80","IMAGE PLATE","2002-05-04","SYNCHROTRON","ESRF BEAMLINE BM30A"
"2R21","80","IMAGE PLATE","2003-05-04","SYNCHROTRON","ESRF BEAMLINE BM30A"
"2R22","80","IMAGE PLATE","2003-02-03","SYNCHROTRON","ESRF BEAMLINE BM30A"
"2PWT","100","CCD","2005-06-10","SYNCHROTRON","SLS BEAMLINE X10SA"
"2QBZ",100,"CCD","2006-04-17","SYNCHROTRON","APS BEAMLINE 19-ID"
,100,"IMAGE PLATE","2006-06-17","ROTATING ANODE","RIGAKU FR-E+ SUPERBRIGHT"

"2V3C","100","CCD","2004-04-07","SYNCHROTRON","ESRF BEAMLINE ID23-1"
"2Z74","100","CCD","2007-04-24","SYNCHROTRON","ALS BEAMLINE 5.0.2"
"2Z75","100","CCD","2007-01-27","SYNCHROTRON","ALS BEAMLINE 8.2.2"
"2Q66","100","CCD","2006-11-07","SYNCHROTRON","NSLS BEAMLINE X29A"
"2JPP"
"2NPY","100","CCD","2005-07-31","SYNCHROTRON","CHESS BEAMLINE A1"
"2NPZ","100","IMAGE PLATE","2005-05-25","ROTATING ANODE","RIGAKU RU200"
"2JSG"
"2PXB",113,"IMAGE PLATE","2006-02-18","ROTATING ANODE","RIGAKU"

"2PXD","113","IMAGE PLATE","2006-02-04","ROTATING ANODE","RIGAKU"
"2PXE","113","IMAGE PLATE","2005-07-21","ROTATING ANODE","RIGAKU"
"2PXF",113,"IMAGE PLATE","2006-01-01","ROTATING ANODE","RIGAKU"

"2PXK","113","IMAGE PLATE","2006-02-18","ROTATING ANODE","RIGAKU"
"2PXL",113,"IMAGE PLATE","2005-05-24","ROTATING ANODE","RIGAKU"

"2PXP",113,"IMAGE PLATE","2006-06-03","ROTATING ANODE","RIGAKU"

"2PXQ",113,"IMAGE PLATE","2006-05-26","ROTATING ANODE","RIGAKU"

"2PXT",,"IMAGE PLATE","2006-07-11","ROTATING ANODE","RIGAKU"

"2PXU",113,"IMAGE PLATE","2006-07-10","ROTATING ANODE","RIGAKU"

"2PXV",113,"IMAGE PLATE","2006-04-03","ROTATING ANODE","RIGAKU"

"2UXB","100","CCD","2006-02-17","SYNCHROTRON","SLS BEAMLINE X10SA"
"2JR4"
"2JRG"
"2JRQ"
"2PPB","100","CCD","2006-08-25","SYNCHROTRON","APS BEAMLINE 22-ID"
"2O81"
"2O83"
"2IZM","280","CCD","2001-03-24","SYNCHROTRON","MAX II BEAMLINE I711"
"2JQ7"
"2O5I","100","CCD","2006-05-20","SYNCHROTRON","APS BEAMLINE 22-ID"
"2O5J","100","CCD","2006-08-25","SYNCHROTRON","APS BEAMLINE 22-ID"
"2V0G","100","CCD","2006-03-20","SYNCHROTRON","ESRF BEAMLINE ID14-4"
"2E9R","293","CCD","2004-04-23","SYNCHROTRON","ESRF BEAMLINE ID29"
"2E9T","293","CCD","2006-05-20","SYNCHROTRON","ESRF BEAMLINE ID14-2"
"2E9Z","77","CCD","2004-11-14","SYNCHROTRON","ESRF BEAMLINE ID14-2"
"2EC0","197","CCD","2004-11-14","SYNCHROTRON","ESRF BEAMLINE ID14-2"
"2DLC","100","CCD",,"SYNCHROTRON","SPRING-8 BEAMLINE BL38B1"
"2PY9","100","CCD","2005-01-29","SYNCHROTRON","ALS BEAMLINE 8.3.1"
"2OJ7"
"2OJ8"
"2P7D","100","CCD","2006-04-21","SYNCHROTRON","SSRL BEAMLINE BL11-1"
"2P7E","100","CCD","2006-04-12","SYNCHROTRON","SSRL BEAMLINE BL9-1"
"2P7F","100","CCD","2006-04-21","SYNCHROTRON","SSRL BEAMLINE BL11-1"
"2UUC","90","CCD","2005-11-28","SYNCHROTRON","ESRF BEAMLINE ID29"
"2E5L","90","CCD","2005-10-01","SYNCHROTRON","SLS BEAMLINE X06SA"
"2NQP","100","CCD","2004-01-23","SYNCHROTRON","ALS BEAMLINE 8.3.1"
"2NR0","100","CCD","2004-12-12","SYNCHROTRON","ALS BEAMLINE 8.3.1"
"2NRE","100","CCD","2004-01-09","SYNCHROTRON","ALS BEAMLINE 8.3.1"
"2UU9","90","CCD","2005-11-28","SYNCHROTRON","ESRF BEAMLINE ID14-4"
"2UUA","90","CCD","2005-11-28","SYNCHROTRON","ESRF BEAMLINE ID14-4"
"2UUB","90","CCD","2005-11-28","SYNCHROTRON","ESRF BEAMLINE ID14-4"
"2GVO"
"2PCV"
"2PCW"
"2UWM","100","CCD","2005-12-16","SYNCHROTRON","SPRING-8 BEAMLINE BL38B1"
"2UXC","100","CCD","2005-10-28","SYNCHROTRON","ESRF BEAMLINE ID14-4"
"2CD1"
"2CD3"
"2CD5"
"2CD6"
"2GXB","100","CCD","2005-10-21","SYNCHROTRON","APS BEAMLINE 19-ID"
"2OGM",,"CCD","2006-03-08","SYNCHROTRON","APS BEAMLINE 19-ID"
"2OGN",,"CCD","2005-04-09","SYNCHROTRON","APS BEAMLINE 19-ID"
"2OGO",,"CCD","2005-12-05","SYNCHROTRON","APS BEAMLINE 19-ID"
"2YU9","100","CCD","2005-03-15","SYNCHROTRON","SSRL BEAMLINE BL11-1"
"2DQO","100","CCD","2002-10-26","SYNCHROTRON","PHOTON FACTORY BEAMLINE BL-18B"
"2DQP","100","CCD","2003-01-25","SYNCHROTRON","PHOTON FACTORY BEAMLINE BL-18B"
"2DQQ","100","CCD","2003-12-12","SYNCHROTRON","PHOTON FACTORY BEAMLINE BL-18B"
"2HUA"
"2G91","298","IMAGE PLATE","2000-12-15","ROTATING ANODE","RIGAKU RU200"
"2I7E"
"2I7Z"
"2JEA","100","CCD","2006-07-15","SYNCHROTRON","SLS BEAMLINE X06SA"
"2OTJ",100,"CCD","2005-11-20","SYNCHROTRON","NSLS BEAMLINE X29A"

"2OTL","100","CCD","2004-08-08","SYNCHROTRON","NSLS BEAMLINE X29A"
"2P89"
"2OIH","80","CCD","2005-07-28","SYNCHROTRON","ALS BEAMLINE 8.2.1"
"2OJ3","80","CCD","2005-07-28","SYNCHROTRON","ALS BEAMLINE 8.2.1"
"2GV4"
"2OZB","100","CCD","2006-05-03","SYNCHROTRON","MPG/DESY, HAMBURG BEAMLINE BW6"
"2DU3","173","CCD","2006-03-27","SYNCHROTRON","SPRING-8 BEAMLINE BL41XU"
"2DU4","173","CCD","2006-03-27","SYNCHROTRON","SPRING-8 BEAMLINE BL41XU"
"2DU5","173","CCD","2006-07-03","SYNCHROTRON","SPRING-8 BEAMLINE BL41XU"
"2DU6","173","CCD","2006-07-03","SYNCHROTRON","SPRING-8 BEAMLINE BL41XU"
"2OIU","100","CCD","2006-06-14","SYNCHROTRON","SSRL BEAMLINE BL9-1"
"2GRW"
"2OUE","100","CCD","2004-11-28","SYNCHROTRON","CHESS BEAMLINE A1"
"2IRN"
"2IRO"
"2JA5","100","CCD","2005-08-21","SYNCHROTRON","SLS BEAMLINE X06SA"
"2JA6","100","CCD","2005-06-22","SYNCHROTRON","SLS BEAMLINE X06SA"
"2JA7","100","CCD","2005-05-06","SYNCHROTRON","SLS BEAMLINE X06SA"
"2JA8","100","CCD","2005-12-14","SYNCHROTRON","SLS BEAMLINE X06SA"
"2OEU","100","CCD","2006-03-15","SYNCHROTRON","SSRL BEAMLINE BL9-1"
"2IL9","100","CCD","2006-04-25","SYNCHROTRON","ALS BEAMLINE 8.2.1"
,,"IMAGE PLATE","2006-05-29","ROTATING ANODE","RIGAKU"
"2NOK","100","IMAGE PLATE","2006-03-15","ROTATING ANODE","RIGAKU"
"2OE5","100","CCD","2000-04-01","SYNCHROTRON","NSLS BEAMLINE X9A"
"2OE6","100","CCD","2000-04-01","SYNCHROTRON","NSLS BEAMLINE X9A"
"2OE8","100","CCD","2000-04-01","SYNCHROTRON","NSLS BEAMLINE X9A"
"2OIJ","100","CCD","2001-04-15","SYNCHROTRON","ESRF BEAMLINE BM30A"
,,"IMAGE PLATE","2001-04-16","SYNCHROTRON","ESRF BEAMLINE BM30A"
"2FY1"
"2O32"
"2O33"
"2OB7"
"2G3S","298","CCD","2000-11-30","SYNCHROTRON","ALS BEAMLINE 5.0.2"
"2IHX"
"2NZ4","100","CCD","2006-06-29","SYNCHROTRON","NSLS BEAMLINE X25"
"2E2I","100",,"2006-03-14","SYNCHROTRON","SSRL BEAMLINE BL11-1"
"2HW8","100","IMAGE PLATE","2004-12-22","SYNCHROTRON","EMBL/DESY, HAMBURG BEAMLINE BW7B"
"2NVX","100",,,"SYNCHROTRON","ALS BEAMLINE 5.0.2"
"2NVZ","100","CCD","2003-02-21","SYNCHROTRON","SSRL BEAMLINE BL11-1"
"2E2H","100",,"2006-05-08","SYNCHROTRON","SSRL BEAMLINE BL11-1"
"2E2J","100",,"2005-11-01","SYNCHROTRON","ALS BEAMLINE 5.0.2"
"2I2Y"
"2NVQ",,"CCD","2004-02-27","SYNCHROTRON","SSRL BEAMLINE BL11-1"
"2NVT","100","CCD","2006-07-06","SYNCHROTRON","SSRL BEAMLINE BL11-1"
"2FDT"
"2G9C","100","CCD","2005-11-12","SYNCHROTRON","ALS BEAMLINE 8.2.2"
"2GRB",,"CCD","2003-07-09","SYNCHROTRON","APS BEAMLINE 14-BM-D"
"2H49"
"2I82","100","CCD","2005-07-10","SYNCHROTRON","ALS BEAMLINE 8.2.1"
"2NOQ"
"2DR7","100","CCD","2005-05-17","SYNCHROTRON","SPRING-8 BEAMLINE BL41XU"
"2DR8","100","CCD","2005-05-17","SYNCHROTRON","SPRING-8 BEAMLINE BL41XU"
"2DR9","100","CCD","2005-05-17","SYNCHROTRON","SPRING-8 BEAMLINE BL41XU"
"2DRA","100","CCD","2005-05-17","SYNCHROTRON","SPRING-8 BEAMLINE BL41XU"
"2DRB","100","CCD","2005-05-17","SYNCHROTRON","PHOTON FACTORY BEAMLINE BL-5A"
"2DVI","100","CCD","2005-05-17","SYNCHROTRON","SPRING-8 BEAMLINE BL41XU"
"2HT1","100",,,"SYNCHROTRON","ALS BEAMLINE 8.3.1"
"2J28"
"2J37"
"2IY3"
"2CZJ","100","CCD","2004-12-14","SYNCHROTRON","PHOTON FACTORY BEAMLINE AR-NW12A"
"2DR5","100","CCD","2005-05-17","SYNCHROTRON","SPRING-8 BEAMLINE BL41XU"
"2DXI","100","CCD","2004-02-10","SYNCHROTRON","SPRING-8 BEAMLINE BL41XU"
"2F8S",100,"CCD","2005-06-20","SYNCHROTRON","NSLS BEAMLINE X29A"
,,,,"SYNCHROTRON","NSLS BEAMLINE X12C"
"2F8T","100","IMAGE PLATE","2005-06-12","ROTATING ANODE","RIGAKU"
"2HNS"
"2ANN","100","CCD","2002-11-27","SYNCHROTRON","APS BEAMLINE 19-ID"
"2ANR","100","CCD","2003-02-07","SYNCHROTRON","NSLS BEAMLINE X4A"
"2AHT"
"2I91","120","CCD","2005-04-25","SYNCHROTRON","NSLS BEAMLINE X25"
"2IX1","100","CCD","2004-11-14","SYNCHROTRON","ESRF BEAMLINE ID14-2"
"1ZBH","100",,"2004-10-20","SYNCHROTRON","NSLS BEAMLINE X4A"
"2GCS","100","CCD","2006-02-01","SYNCHROTRON","ALS BEAMLINE 5.0.1"
"2GCV","100","CCD","2005-08-04","SYNCHROTRON","ALS BEAMLINE 5.0.2"
"2H0S","100","CCD","2006-02-01","SYNCHROTRON","ALS BEAMLINE 5.0.2"
"2H0W","100","CCD","2006-02-01","SYNCHROTRON","ALS BEAMLINE 5.0.1"
"2H0X","100","CCD","2006-02-01","SYNCHROTRON","ALS BEAMLINE 5.0.2"
"2H0Z","100","IMAGE PLATE","2006-04-26","ROTATING ANODE","RIGAKU"
"2HHH","100","CCD","2003-04-20","SYNCHROTRON","SLS BEAMLINE X06SA"
"2HO6","100","CCD","2006-06-07","SYNCHROTRON","ALS BEAMLINE 5.0.1"
"2HO7","100","CCD","2006-06-07","SYNCHROTRON","ALS BEAMLINE 5.0.1"
"2GTT","100","CCD","2005-03-25","SYNCHROTRON","ESRF BEAMLINE ID14-4"
,,"CCD","2005-07-10","SYNCHROTRON","ESRF BEAMLINE ID14-4"
,,"CCD","2005-08-29","SYNCHROTRON","ESRF BEAMLINE ID14-4"
"2HOJ","100","AREA DETECTOR",,"SYNCHROTRON","ALS BEAMLINE 5.0.2"
"2HOK","100","IMAGE PLATE","2005-02-11","ROTATING ANODE","RIGAKU"
"2HOL","100","CCD","2005-10-06","SYNCHROTRON","ALS BEAMLINE 5.0.1"
"2HOM","100","CCD","2005-07-10","SYNCHROTRON","ALS BEAMLINE 8.2.2"
"2HOO","100","CCD","2006-02-01","SYNCHROTRON","ALS BEAMLINE 5.0.2"
"2HOP","100","IMAGE PLATE","2006-02-25","ROTATING ANODE","RIGAKU"
"2GJW","100","CCD","2005-02-15","SYNCHROTRON","APS BEAMLINE 8-BM"
"2HEM"
"2HVY","100","CCD","2006-07-05","SYNCHROTRON","SPRING-8 BEAMLINE BL41XU"
"2IXY"
"2IXZ"
"2IY5","100","CCD",,"SYNCHROTRON","ESRF BEAMLINE ID14-1"
"2J0S","100","CCD","2006-06-17","SYNCHROTRON","SLS BEAMLINE X06SA"
"2AP0"
"2AP5"
"2CV0","100","CCD","2004-03-04","SYNCHROTRON","SPRING-8 BEAMLINE BL44XU"
"2CV1","100","CCD","2004-03-04","SYNCHROTRON","SPRING-8 BEAMLINE BL44XU"
"2CV2","100","CCD","2004-02-10","SYNCHROTRON","SPRING-8 BEAMLINE BL41XU"
"2GJE","100","CCD","2005-12-20","SYNCHROTRON","ALS BEAMLINE 8.3.1"
"2J0Q","100","CCD","2006-06-17","SYNCHROTRON","SLS BEAMLINE X06SA"
"2EVY"
"2GIC","100","CCD","2004-10-27","SYNCHROTRON","APS BEAMLINE 22-ID"
"2DER","30","CCD","2004-12-07","SYNCHROTRON","SPRING-8 BEAMLINE BL41XU"
"2DET","100","CCD","2005-04-15","SYNCHROTRON","SPRING-8 BEAMLINE BL41XU"
,,"CCD","2005-06-04","SYNCHROTRON","SPRING-8 BEAMLINE BL41XU"
"2DEU","100","CCD","2005-07-01","SYNCHROTRON","SPRING-8 BEAMLINE BL41XU"
"2HYI","100","CCD","2006-02-02","SYNCHROTRON","SLS BEAMLINE X10SA"
"2F87"
"2GV3"
"2AZX","100","CCD","2003-07-18","SYNCHROTRON","ALS BEAMLINE 5.0.2"
"2GUN","110","CCD","2001-11-04","SYNCHROTRON","APS BEAMLINE 5ID-B"
"2HGH"
"2IZ8","287","CCD","1999-12-02","SYNCHROTRON","ESRF BEAMLINE ID14-1"
"2IZ9","287","IMAGE PLATE","1997-12-09","SYNCHROTRON","MAX II BEAMLINE I711"
"2IZN","287","CCD","1999-06-16","SYNCHROTRON","ESRF BEAMLINE ID14-3"
"2AGN"
"2G4B","100","CCD","2005-04-06","SYNCHROTRON","NSLS BEAMLINE X8C"
"2H1M","100","CCD","2005-10-11","SYNCHROTRON","NSLS BEAMLINE X25"
"2AKE","100","CCD","2005-02-01","SYNCHROTRON","BSRF BEAMLINE 3W1A"
"2D6F","20","CCD",,"SYNCHROTRON","SPRING-8 BEAMLINE BL41XU"
"2DR2","100","CCD","2005-07-13","SYNCHROTRON","CHESS BEAMLINE F1"
"2F4V","100",,"2002-06-01","SYNCHROTRON","ESRF BEAMLINE ID29"
"2GDI",100,"CCD","2005-11-07","SYNCHROTRON","NSLS BEAMLINE X25"
,,"CCD","2005-11-07","SYNCHROTRON","NSLS BEAMLINE X25"

"2GIS","100","CCD","2005-11-11","SYNCHROTRON","ALS BEAMLINE 8.2.1"
"2CJK"
"2FEY"
"2GPM","100","CCD","2002-04-11","SYNCHROTRON","EMBL/DESY, HAMBURG BEAMLINE X13"
"2GQ4","100","CCD","2002-07-18","SYNCHROTRON","EMBL/DESY, HAMBURG BEAMLINE BW7A"
"2GQ5","100","CCD","2003-12-23","SYNCHROTRON","EMBL/DESY, HAMBURG BEAMLINE X13"
"2GQ6","100","CCD","2003-12-23","SYNCHROTRON","EMBL/DESY, HAMBURG BEAMLINE X13"
"2GQ7","100","CCD","2004-03-31","SYNCHROTRON","EMBL/DESY, HAMBURG BEAMLINE X13"
"2G1G"
"2G5K","100","CCD","2003-05-18","SYNCHROTRON","ESRF BEAMLINE ID14-4"
"2GIO"
"2GIP"
"2DD1"
"2DD2"
"2DD3"
"2GO5"
"2G32","100","CCD","2003-12-21","SYNCHROTRON","EMBL/DESY, HAMBURG BEAMLINE X13"
"2B57","100","IMAGE PLATE","2005-03-18","ROTATING ANODE","RIGAKU"
"2FCX",100,"CCD","2004-12-01","SYNCHROTRON","SLS BEAMLINE X06SA"
,,"CCD","2004-12-01","SYNCHROTRON","ESRF BEAMLINE ID23-1"
"2FCY","100","CCD","2004-12-01","SYNCHROTRON","SLS BEAMLINE X06SA"
"2FCZ","100","CCD","2004-12-01","SYNCHROTRON","SLS BEAMLINE X06SA"
"2FD0","100","CCD","2005-11-10","SYNCHROTRON","SLS BEAMLINE X06SA"
"1ZHO","100","CCD",,"SYNCHROTRON","MPG/DESY, HAMBURG BEAMLINE BW6"
"1ZSE","298","CCD","2001-11-26","SYNCHROTRON","SRS BEAMLINE PX14.1"
"2B2D","298","CCD","2003-05-10","SYNCHROTRON","SRS BEAMLINE PX14.2"
"2B2E","298","CCD","2003-05-10","SYNCHROTRON","SRS BEAMLINE PX14.2"
"2B2G","298","CCD","2001-11-26","SYNCHROTRON","SRS BEAMLINE PX14.1"
"2CKY","100","CCD",,"SYNCHROTRON","SLS BEAMLINE X06SA"
"2DB3","100","CCD","2002-02-22","SYNCHROTRON","SPRING-8 BEAMLINE BL41XU"
,,"CCD","2003-02-01","SYNCHROTRON","SPRING-8 BEAMLINE BL41XU"
"2F4S","100",,"2002-06-01","SYNCHROTRON","ESRF BEAMLINE ID29"
"2F4T","100",,"2002-06-01","SYNCHROTRON","ESRF BEAMLINE ID29"
"2F4U","100",,"2002-06-01","ROTATING ANODE","RIGAKU RU300"
"2G8F","95","IMAGE PLATE","2005-03-09","ROTATING ANODE","RIGAKU"
"2G8H","95","IMAGE PLATE","2005-01-01","ROTATING ANODE","RIGAKU"
"2G8I","95","IMAGE PLATE","2005-03-30","ROTATING ANODE","RIGAKU"
"2G8K","95","IMAGE PLATE","2005-09-14","ROTATING ANODE","RIGAKU"
"2G8U","95","IMAGE PLATE","2005-06-06","ROTATING ANODE","RIGAKU"
"2G8V","95","IMAGE PLATE","2005-03-10","ROTATING ANODE","RIGAKU"
"2G8W","95","IMAGE PLATE","2005-03-07","ROTATING ANODE","RIGAKU"
"2GM0"
"2G92","120","CCD","2004-11-09","SYNCHROTRON","APS BEAMLINE 5ID-B"
"2FTC"
"2G1W"
"2GBH"
"2AO5","100","IMAGE PLATE","2002-09-15","SYNCHROTRON","PHOTON FACTORY BEAMLINE BL-6B"
"2AU4"
"2BNY","287","IMAGE PLATE","2001-09-01","SYNCHROTRON","MAX II BEAMLINE I711"
"2BQ5","100","CCD","2003-02-01","SYNCHROTRON","MAX II BEAMLINE I711"
"2BS0","100","CCD","2003-04-01","SYNCHROTRON","ESRF BEAMLINE ID14-1"
"2BS1","100","CCD","2004-02-01","SYNCHROTRON","ESRF BEAMLINE ID14-1"
"2FK6","100","CCD","2005-02-06","SYNCHROTRON","ESRF BEAMLINE BM30A"
"2F4X"
"2F88"
"2FZ2",100,"CCD","1998-12-11","SYNCHROTRON","ALS BEAMLINE 5.0.2"
,100,"CCD","1999-11-20","SYNCHROTRON","ALS BEAMLINE 5.0.2"

"1ZFT","100","CCD","2004-11-29","SYNCHROTRON","CHESS BEAMLINE A1"
"1ZFV","100","CCD","2004-11-29","SYNCHROTRON","CHESS BEAMLINE A1"
"1ZFX","100","CCD","2004-11-30","SYNCHROTRON","CHESS BEAMLINE A1"
"2BCY","83","CCD","2005-05-05","SYNCHROTRON","CHESS BEAMLINE A1"
"2BCZ","83","CCD","2005-05-05","SYNCHROTRON","CHESS BEAMLINE A1"
"2FGP","83","CCD","2005-05-05","SYNCHROTRON","CHESS BEAMLINE A1"
"2FQN","100","CCD","2004-12-04","SYNCHROTRON","ESRF BEAMLINE ID14-1"
"2C06"
"2AWE"
"2EZ6","100","CCD","2005-07-02","SYNCHROTRON","APS BEAMLINE 22-ID"
"1YXP","120","CCD","2004-12-13","SYNCHROTRON","SLS BEAMLINE X06SA"
"1ZCI","100","CCD","2005-03-11","SYNCHROTRON","ESRF BEAMLINE ID14-1"
"1YN1"
"1YN2"
"2B3J","100","CCD","2005-03-20","SYNCHROTRON","NSLS BEAMLINE X25"
,,"CCD","2005-03-20","SYNCHROTRON","NSLS BEAMLINE X25"
"2B6G"
"2B7G"
"2ES5"
"2ESE"
"2F8K","100","IMAGE PLATE","2005-07-20","ROTATING ANODE","RIGAKU MICROMAX-002"
"1YTY","100","IMAGE PLATE","2004-10-28","SYNCHROTRON","APS BEAMLINE 19-BM"
"1ZH5",100,"CCD","2005-02-16","SYNCHROTRON","NSLS BEAMLINE X25"
,,"CCD","2005-01-26","SYNCHROTRON","NSLS BEAMLINE X25"

"2AWQ"
"2ERR"
"2C4Y","278","CCD","1999-06-16","SYNCHROTRON","ESRF BEAMLINE ID14-3"
"2C4Z","278","CCD","1999-06-16","SYNCHROTRON","ESRF BEAMLINE ID14-3"
"2C50","278","IMAGE PLATE","1999-12-07","SYNCHROTRON","MAX II BEAMLINE I711"
"2C51","278","CCD","2000-12-03","SYNCHROTRON","ESRF BEAMLINE ID14-1"
"2EUY"
"2A1R","100","CCD","2004-10-30","SYNCHROTRON","ESRF BEAMLINE ID29"
"2BE0","110","CCD","2004-02-13","SYNCHROTRON","ESRF BEAMLINE ID14-2"
"2BEE","110","CCD","2003-09-15","SYNCHROTRON","ESRF BEAMLINE ID14-4"
"2ESI","110",,,"SYNCHROTRON","ESRF BEAMLINE ID29"
"2ESJ",,,,"SYNCHROTRON","ESRF BEAMLINE ID29"
"1YG3"
"1YG4"
"2AB4","200","CCD","2003-03-07","SYNCHROTRON","APS BEAMLINE 14-BM-C"
"2ET3","110","CCD",,"SYNCHROTRON","ESRF BEAMLINE ID29"
"2ET4","110","CCD",,"SYNCHROTRON","ESRF BEAMLINE ID29"
"2ET5","110","CCD",,"SYNCHROTRON","ESRF BEAMLINE ID29"
"2ET8","110","CCD",,"SYNCHROTRON","ESRF BEAMLINE ID29"
"2B63","100","CCD","2005-01-22","SYNCHROTRON","SLS BEAMLINE X06SA"
"2D3O","100","CCD","2004-07-13","SYNCHROTRON","SLS BEAMLINE X06SA"
"1VQ4",,"CCD","2004-08-03","SYNCHROTRON","NSLS BEAMLINE X25"
"1VQ5",,"CCD","2004-10-02","SYNCHROTRON","NSLS BEAMLINE X25"
"1VQ6",,"CCD","2004-03-05","SYNCHROTRON","NSLS BEAMLINE X25"
"1VQ7",,"CCD","2004-03-16","SYNCHROTRON","NSLS BEAMLINE X25"
"1VQ8",,"CCD","2004-07-10","SYNCHROTRON","NSLS BEAMLINE X25"
"1VQ9",,"CCD","2004-07-10","SYNCHROTRON","NSLS BEAMLINE X25"
"1VQK",,"CCD","2004-07-23","SYNCHROTRON","NSLS BEAMLINE X25"
"1VQL",,"CCD","2004-08-08","SYNCHROTRON","NSLS BEAMLINE X25"
"1VQM",,"CCD","2004-08-08","SYNCHROTRON","NSLS BEAMLINE X25"
"1VQN",,"CCD","2004-10-29","SYNCHROTRON","NSLS BEAMLINE X25"
"1VQO",,"CCD","2004-10-29","SYNCHROTRON","NSLS BEAMLINE X25"
"1VQP",,"CCD","2004-04-24","SYNCHROTRON","NSLS BEAMLINE X25"
"1X9C","100","CCD","2004-07-24","SYNCHROTRON","CHESS BEAMLINE A1"
"1X9K","100","CCD","2002-07-17","SYNCHROTRON","APS BEAMLINE 22-ID"
"1YYK","100","CCD","2003-12-14","SYNCHROTRON","APS BEAMLINE 22-ID"
"1YYO","100","CCD","2003-12-15","SYNCHROTRON","APS BEAMLINE 22-ID"
"1YYW",,"CCD","2003-12-14","SYNCHROTRON","APS BEAMLINE 22-ID"
"1YZ9","100","CCD","2004-08-09","SYNCHROTRON","APS BEAMLINE 22-ID"
"1Y3O","90","CCD","2004-11-05","SYNCHROTRON","SLS BEAMLINE X06SA"
"1Y3S","90","CCD","2004-11-05","SYNCHROTRON","SLS BEAMLINE X06SA"
"2C4Q","278","CCD","1999-06-16","SYNCHROTRON","ESRF BEAMLINE ID14-3"
"2A9X"
"2D17"
"2D18"
"2D19"
"2D1A"
"2D1B"
"2D2K","100","IMAGE PLATE","2005-03-17","ROTATING ANODE","RIGAKU RUH2R"
"2D2L","100","IMAGE PLATE","2005-05-10","ROTATING ANODE","RIGAKU RUH2R"
"1ZEV",100,"CCD","2004-07-25","SYNCHROTRON","ALS BEAMLINE 8.2.1"
,100,"CCD","2004-04-05","SYNCHROTRON","ALS BEAMLINE 8.2.2"

"2B8R","100","CCD","2001-04-20","SYNCHROTRON","ESRF BEAMLINE BM30A"
"2B8S","100","CCD","2001-06-04","SYNCHROTRON","ESRF BEAMLINE BM30A"
"2C4R","100","CCD",,"SYNCHROTRON","ALS"
"1XP7","90","CCD",,"SYNCHROTRON","ESRF BEAMLINE ID14-1"
"1XPE","90","CCD",,"SYNCHROTRON","ESRF BEAMLINE ID14-4"
"1XPF","90","CCD",,"SYNCHROTRON","ESRF BEAMLINE ID14-4"
"1YY0","100","IMAGE PLATE","2003-05-18","ROTATING ANODE","RIGAKU"
"1YZD","100","IMAGE PLATE","2004-02-24","ROTATING ANODE","RIGAKU"
"1Z79","100","IMAGE PLATE","2003-02-14","ROTATING ANODE","RIGAKU"
"1Z7F","100","IMAGE PLATE","2004-02-14","ROTATING ANODE","RIGAKU"
"2BX2","100","CCD",,"SYNCHROTRON","ESRF BEAMLINE ID23-1"
"2C0B","100","CCD",,"SYNCHROTRON","ESRF BEAMLINE ID23-1"
"1OB5","100","CCD","2002-04-04","SYNCHROTRON","EMBL/DESY, HAMBURG BEAMLINE X13"
"2ASB",,"CCD","2004-09-24","SYNCHROTRON","SRS BEAMLINE PX14.2"
"2ATW",,"IMAGE PLATE","2004-10-25","ROTATING ANODE","OTHER"
"2AZ0","93","CCD","2005-07-15","SYNCHROTRON","SSRL BEAMLINE BL11-1"
"2AZ2","93","CCD","2005-07-15","SYNCHROTRON","SSRL BEAMLINE BL11-1"
"2AD9"
"2ADB"
"2ADC"
"2A43","110","CCD","2003-11-24","SYNCHROTRON","APS BEAMLINE 5ID-B"
"1ZX7","103","IMAGE PLATE","2002-10-31","ROTATING ANODE","RIGAKU"
"1ZZ5","103","CCD","2005-03-30","SYNCHROTRON","APS BEAMLINE 14-BM-C"
"2A04","103","IMAGE PLATE","2002-12-10","ROTATING ANODE","RIGAKU"
"2A64","100","IMAGE PLATE","2003-07-01","ROTATING ANODE","RIGAKU RU200"
,,"CCD","2004-07-04","SYNCHROTRON","SSRL BEAMLINE BL9-2"
"2CSX","100","CCD","2004-12-07","SYNCHROTRON","SPRING-8 BEAMLINE BL41XU"
"2CT8","100","CCD","2004-12-07","SYNCHROTRON","SPRING-8 BEAMLINE BL41XU"
"2BTE","100","CCD","2003-09-06","SYNCHROTRON","ESRF BEAMLINE ID14-2"
"2BYT","100","CCD","2003-04-16","SYNCHROTRON","ESRF BEAMLINE ID14-4"
"1WZ2","173","CCD",,"SYNCHROTRON","SPRING-8 BEAMLINE BL26B1"
"2A2E","100","CCD","2004-11-11","SYNCHROTRON","APS BEAMLINE 5ID-B"
,,"CCD","2004-11-11","SYNCHROTRON","APS BEAMLINE 5ID-B"
,,"CCD","2004-11-11","SYNCHROTRON","APS BEAMLINE 5ID-B"
,,"CCD","2004-11-11","SYNCHROTRON","APS BEAMLINE 5ID-B"
"1WPU","298","CCD","2004-02-07","SYNCHROTRON","PHOTON FACTORY BEAMLINE AR-NW12A"
"1WRQ","298","CCD","2004-02-12","SYNCHROTRON","PHOTON FACTORY BEAMLINE AR-NW12A"
"1ZZN","100","CCD","2004-06-29","SYNCHROTRON","NSLS BEAMLINE X25"
"2AAR",,"CCD","2005-04-10","SYNCHROTRON","APS BEAMLINE 19-ID"
"2BU1","287","CCD","1998-08-28","SYNCHROTRON","SRS BEAMLINE PX9.6"
"2A0P","128","IMAGE PLATE","1997-05-30","ROTATING ANODE","RIGAKU"
"1ZL3","100","CCD","2002-03-07","SYNCHROTRON","ALS BEAMLINE 5.0.1"
"2ADT"
"1YSV"
"1U3K"
"1ZBI","100","CCD","2004-08-17","SYNCHROTRON","APS BEAMLINE 22-ID"
"1ZBL","100","CCD","2004-10-20","SYNCHROTRON","APS BEAMLINE 22-ID"
"1YSH"
"1Z58",100,"CCD","2002-04-15","SYNCHROTRON","APS BEAMLINE 19-ID"
,,,,"SYNCHROTRON","ESRF BEAMLINE ID14-4"
"1Z2J"
"1Z43","100",,,"SYNCHROTRON","MAX II BEAMLINE I711"
"1ZN0"
"1ZN1"
"1ZO1"
"1ZO3"
"1YRJ","100","CCD","2004-10-30","SYNCHROTRON","APS BEAMLINE 14-ID-B"
"1YVP","113","CCD","2004-08-24","SYNCHROTRON","NSLS BEAMLINE X25"
"1ZC5"
"1ZJW","100","CCD","2004-07-04","SYNCHROTRON","SSRL BEAMLINE BL9-1"
"1X18"
"1X1L"
"1YHQ","100","CCD","2004-10-09","SYNCHROTRON","NSLS BEAMLINE X25"
"1YI2","100","CCD","2004-06-05","SYNCHROTRON","NSLS BEAMLINE X25"
"1YIJ","100","CCD","2004-04-30","SYNCHROTRON","NSLS BEAMLINE X25"
"1YIT","100","CCD","2004-03-17","SYNCHROTRON","NSLS BEAMLINE X25"
"1YJ9","100","CCD","2003-12-14","SYNCHROTRON","ALS BEAMLINE 8.2.2"
"1YJN","100","CCD","2004-03-18","SYNCHROTRON","NSLS BEAMLINE X25"
"1YJW","100","CCD","2004-10-09","SYNCHROTRON","NSLS BEAMLINE X25"
"1Z30"
"1ZE2",,,,"SYNCHROTRON","APS BEAMLINE 14-BM-C"
,,,,"SYNCHROTRON","APS BEAMLINE 19-ID"
"1ZBN"
"1ZC8"
"1U63","100","CCD","2003-12-20","SYNCHROTRON","MPG/DESY, HAMBURG BEAMLINE BW6"
"1WWF"
"1WWG"
"1XV6"
"1YTU","100","IMAGE PLATE","2005-01-28","SYNCHROTRON","NSLS BEAMLINE X26C"
"2BGG","100","CCD","2004-12-01","SYNCHROTRON","ESRF BEAMLINE ID14-1"
"2BH2","100","CCD","2003-11-19","SYNCHROTRON","ALS BEAMLINE 8.3.1"
"1WWD"
"1WWE"
"1Y39","200","CCD","2004-05-08","SYNCHROTRON","SRS BEAMLINE PX9.6"
"1Z31"
"1WMQ","298","CCD","2004-06-13","SYNCHROTRON","PHOTON FACTORY BEAMLINE AR-NW12A"
"1YMO"
"2BJ6","100","CCD","1999-11-25","SYNCHROTRON","ESRF BEAMLINE BM30A"
"1TBK"
"1XBP",95,"CCD","2001-11-14","SYNCHROTRON","ESRF BEAMLINE ID14-4"
,,"CCD","2001-12-03","SYNCHROTRON","APS BEAMLINE 19-ID"
"1Y69","100","CCD","2004-04-14","SYNCHROTRON","SLS BEAMLINE X06SA"
"1YKQ","100","CCD","2004-06-13","SYNCHROTRON","NSLS BEAMLINE X25"
"1YKV","100","CCD","2002-10-03","SYNCHROTRON","APS BEAMLINE 14-BM-D"
"1YLS","100","CCD","2004-03-23","SYNCHROTRON","NSLS BEAMLINE X25"
"1XWP"
"1XWU"
"1XPO","100","CCD",,"SYNCHROTRON","ALS BEAMLINE 8.3.1"
"1YNC"
"1YNE"
"1YNG"
"1XJR","100","CCD","2004-05-05","SYNCHROTRON","SSRL BEAMLINE BL9-1"
"1YLG"
"1WSU","100","CCD","2003-06-03","SYNCHROTRON","SPRING-8 BEAMLINE BL41XU"
"1XOK",100,"CCD","2003-08-10","SYNCHROTRON","APS BEAMLINE 19-ID"
,100,"CCD","2003-08-10","SYNCHROTRON","APS BEAMLINE 19-ID"

"1Y1W",,,,"SYNCHROTRON","SLS BEAMLINE X06SA"
"1Y77"
"1TUT"
"1XSG"
"1XSH"
"1XST"
"1XSU"
"1Y1Y",,,,"SYNCHROTRON","SLS BEAMLINE X06SA"
"1Y26",100,"CCD","2004-09-20","SYNCHROTRON","NSLS BEAMLINE X25"
,,"IMAGE PLATE","2004-11-08","ROTATING ANODE","RIGAKU"
"1Y27","100","CCD","2004-10-06","SYNCHROTRON","NSLS BEAMLINE X25"
"1WVD","120","IMAGE PLATE","2000-07-10","ROTATING ANODE","ENRAF-NONIUS"
"1Y0Q","100","CCD","2003-08-25","SYNCHROTRON","APS BEAMLINE 8-BM"
"1Y6S","100","IMAGE PLATE",,"ROTATING ANODE","ENRAF-NONIUS"
"1Y6T","100","IMAGE PLATE",,"ROTATING ANODE","ENRAF-NONIUS"
"1Y73","100","IMAGE PLATE",,"ROTATING ANODE","ENRAF-NONIUS"
"1Y90","120","IMAGE PLATE",,"ROTATING ANODE","ENRAF-NONIUS"
"1Y95","293","IMAGE PLATE","1999-04-23","ROTATING ANODE","ENRAF-NONIUS"
"1Y99","110","IMAGE PLATE","1999-05-19","SYNCHROTRON","LURE BEAMLINE DW32"
"1XMO","100","CCD","2003-11-01","SYNCHROTRON","ESRF BEAMLINE ID14-4"
"1XMQ","100","CCD","2003-11-16","SYNCHROTRON","ESRF BEAMLINE ID14-4"
"1XNQ","100","CCD","2003-04-01","SYNCHROTRON","ESRF BEAMLINE ID14-4"
"1XNR","100","CCD","2003-04-20","SYNCHROTRON","ESRF BEAMLINE ID14-4"
"1U1Y","298","CCD","2000-05-12","SYNCHROTRON","SRS BEAMLINE PX14.1"
"1U0B","100","CCD","2004-01-24","SYNCHROTRON","NSLS BEAMLINE X8C"
"1XHP"
"1R9S","100","CCD","2003-02-21","SYNCHROTRON","SSRL BEAMLINE BL11-1"
"1R9T","100","CCD","2003-02-21","SYNCHROTRON","SSRL BEAMLINE BL11-1"
"1SYZ"
"1X8W","100","CCD","2002-10-30","SYNCHROTRON","ALS BEAMLINE 8.2.2"
"1XV0"
"1U6P"
"1XPR","100","CCD",,"SYNCHROTRON","ALS BEAMLINE 8.3.1"
"1XPU","100","CCD",,"SYNCHROTRON","ALS BEAMLINE 8.3.1"
"1U9S","100","CCD","2003-11-25","SYNCHROTRON","APS BEAMLINE 5ID-B"
"1R4H"
"1TXS"
"1TJZ"
"1TRJ"
"1W2B","100","CCD","2001-09-06","SYNCHROTRON","ESRF BEAMLINE BM1A"
"1S2F"
"1S34"
"1WNE","100","CCD","2003-11-03","SYNCHROTRON","ESRF BEAMLINE ID13"
"1SZ1","100","CCD",,"SYNCHROTRON","CHESS BEAMLINE A1"
"1T28"
"1TFW","100","CCD",,"SYNCHROTRON","NSLS BEAMLINE X25"
"1TFY","100","CCD",,"SYNCHROTRON","NSLS BEAMLINE X25"
"1U6B","100","CCD","2003-07-20","SYNCHROTRON","NSLS BEAMLINE X25"
"1VFG","100","IMAGE PLATE","2003-12-09","SYNCHROTRON","SPRING-8 BEAMLINE BL41XU"
"1SM1","90","CCD","2001-11-14","SYNCHROTRON","APS BEAMLINE 19-ID"
"1T4X"
"1T0K","93","CCD","2001-06-06","SYNCHROTRON","SSRL BEAMLINE BL9-2"
"1S9L"
"1WKS"
"1S72","100","IMAGE PLATE","2000-02-25","SYNCHROTRON","NSLS BEAMLINE X25"
,,"CCD","2000-04-01","SYNCHROTRON","APS BEAMLINE 19-ID"
"1T0D","103","IMAGE PLATE","2003-06-14","ROTATING ANODE","RIGAKU"
"1T0E","103","IMAGE PLATE","2003-01-07","ROTATING ANODE","RIGAKU"
"1T1M"
"1T1O"
"1RLG","263","IMAGE PLATE","2003-04-16","SYNCHROTRON","SSRL BEAMLINE BL11-1"
"1T2R"
"1T4L"
"1OB2","100","IMAGE PLATE","1996-06-11","SYNCHROTRON","SRS BEAMLINE PX9.6"
"1R7W"
"1R7Z"
"1S03",,,,"SYNCHROTRON","NSLS BEAMLINE X25"
,,,,"SYNCHROTRON","NSLS BEAMLINE X25"
,,,,"SYNCHROTRON","NSLS BEAMLINE X25"
"1SI3","100","CCD","2003-10-18","SYNCHROTRON","APS BEAMLINE 19-BM"
"1ROQ"
"1SA9","298","IMAGE PLATE","1995-04-03","ROTATING ANODE","RIGAKU"
"1SAQ","298","IMAGE PLATE","1995-04-03","ROTATING ANODE","RIGAKU"
"1SDS","100","CCD","2003-07-25","SYNCHROTRON","ALS BEAMLINE 5.0.1"
,,"CCD","2003-10-25","SYNCHROTRON","ALS BEAMLINE 5.0.2"
"1SJ3","80","CCD","2003-03-29","SYNCHROTRON","ALS BEAMLINE 8.2.1"
"1SJ4","80","CCD","2003-05-08","SYNCHROTRON","ALS BEAMLINE 8.2.2"
"1SJF","80","CCD","2003-03-30","SYNCHROTRON","ALS BEAMLINE 8.2.2"
"1VBX","80","CCD","2003-03-30","SYNCHROTRON","ALS BEAMLINE 8.2.2"
"1VBY","80","CCD","2003-02-07","SYNCHROTRON","ALS BEAMLINE 8.2.1"
"1VBZ","80","CCD","2003-02-13","SYNCHROTRON","ALS BEAMLINE 8.3.1"
"1VC0","80","CCD","2003-01-30","SYNCHROTRON","ALS BEAMLINE 8.2.1"
"1VC5","80","CCD","2003-03-30","SYNCHROTRON","ALS BEAMLINE 8.2.1"
"1VC6","80","CCD","2003-07-01","SYNCHROTRON","ALS BEAMLINE 8.2.2"
"1RKJ"
"1RY1"
"1SZY"
"1S9S"
"1SY4"
"1RC7","100","CCD","2003-07-05","SYNCHROTRON","APS BEAMLINE 22-ID"
"1Q8N"
"1RFR"
"1S76",,,,"SYNCHROTRON","APS BEAMLINE 19-ID"
"1S77","100","CCD","2001-05-01","SYNCHROTRON","CHESS BEAMLINE A1"
"1UUD"
"1RGO"
"1SFO","100","CCD","2002-10-30","SYNCHROTRON","ALS BEAMLINE 5.0.2"
"1UVL","150",,"2001-10-15","SYNCHROTRON","ESRF BEAMLINE ID29"
"1UVN","150",,"2002-04-15","SYNCHROTRON","ESRF BEAMLINE BM14"
"1NYI","100","CCD","2001-12-01","SYNCHROTRON","ALS BEAMLINE 5.0.2"
"1Q29","100","CCD",,"SYNCHROTRON","ALS BEAMLINE 5.0.2"
"1S0V",,,,"SYNCHROTRON","SPRING-8"
"1UVI","150","CCD","2002-01-15","SYNCHROTRON","SRS BEAMLINE PX14.2"
"1UVJ","150","CCD","2002-01-15","SYNCHROTRON","SRS BEAMLINE PX14.2"
"1UVM","150",,"2001-10-15","SYNCHROTRON","ESRF BEAMLINE ID29"
"1UTS"
"1UUI"
"1R2P"
"1R9F","100","CCD","2003-07-18","SYNCHROTRON","APS BEAMLINE 14-ID-B"
"1UTD","120",,"2002-06-15","SYNCHROTRON","ESRF BEAMLINE ID14-2"
"1RPU","93","CCD","2003-04-01","SYNCHROTRON","APS BEAMLINE 22-ID"
"1Q75"
"1R3O","100","CCD",,"SYNCHROTRON","EMBL/DESY, HAMBURG BEAMLINE X11"
"1PJG","123","CCD","1999-10-27","SYNCHROTRON","NSLS BEAMLINE X8C"
"1PJO","123","CCD","1999-10-27","SYNCHROTRON","NSLS BEAMLINE X8C"
"1NBK"
"1Q93","100","CCD","2000-03-08","SYNCHROTRON","APS BEAMLINE 14-BM-C"
"1Q96","100","CCD","2000-07-07","SYNCHROTRON","APS BEAMLINE 19-ID"
"1Q9A","100","CCD","2000-07-07","SYNCHROTRON","APS BEAMLINE 19-ID"
"1QWA"
"1QWB"
"1UN6",100,"CCD","2002-10-15","SYNCHROTRON","ESRF BEAMLINE BM30A"
,,,,"SYNCHROTRON","SRS BEAMLINE PX14.2"
"1PGL","298","FILM",,"SYNCHROTRON","CHESS BEAMLINE A1"
"1QZW","100","CCD","2003-04-14","SYNCHROTRON","ESRF BEAMLINE ID29"
"1UON"
"1JZV","100","CCD",,"SYNCHROTRON","APS BEAMLINE 14-BM-D"
"1OO7"
"1QVF",,"CCD","2003-04-19","SYNCHROTRON","APS BEAMLINE 8-BM"
"1QVG",,"CCD","2003-04-09","SYNCHROTRON","APS BEAMLINE 19-ID"
"1P5M"
"1P5N"
"1P5O"
"1P5P"
"1P79","100","CCD","2001-08-20","SYNCHROTRON","APS BEAMLINE 14-BM-D"
"1QZA"
"1QZB"
"1QZC"
"1R2W"
"1R2X"
"1R3E","298","CCD","2002-07-05","SYNCHROTRON","ALS BEAMLINE 8.3.1"
"1OKF"
"1JZC"
"1MY9"
"1Q7Y","100","CCD","1999-12-13","SYNCHROTRON","APS BEAMLINE 19-ID"
"1Q81","100","CCD","1999-12-13","SYNCHROTRON","APS BEAMLINE 19-ID"
"1Q82","100","CCD","2002-06-20","SYNCHROTRON","APS BEAMLINE 19-ID"
"1Q86","100","CCD",,"SYNCHROTRON","APS BEAMLINE 19-ID"
"1EQQ","100","CCD","1999-10-10","SYNCHROTRON","PHOTON FACTORY"
"1OLN"
"1LUU"
"1LUX"
"1Q2R",,,,"SYNCHROTRON","APS BEAMLINE 14-BM-C"
"1Q2S",,,,"SYNCHROTRON","APS BEAMLINE 14-BM-C"
"1HS1"
"1HS3"
"1HS4"
"1HS8"
"387D","100","AREA DETECTOR","1995-10-26","ROTATING ANODE","RIGAKU RU200"
"1ME1"
"1N66"
"1NUJ","100","IMAGE PLATE","1999-03-04","SYNCHROTRON","SSRL BEAMLINE BL9-1"
"1NUV","100","IMAGE PLATE","1999-03-05","SYNCHROTRON","SSRL BEAMLINE BL9-1"
"1MDG","105","CCD","2001-05-31","SYNCHROTRON","APS BEAMLINE 14-BM-D"
"1P6V","100","CCD","2002-11-12","SYNCHROTRON","SLS BEAMLINE X06SA"
"1J6S"
"1P9X",100,"CCD","2002-04-15","SYNCHROTRON","APS BEAMLINE 19-ID"
,,,,"SYNCHROTRON","ESRF BEAMLINE ID14-4"
"1PJY"
"1K73","100","CCD","2001-06-16","SYNCHROTRON","APS BEAMLINE 19-ID"
"1KC8","100","CCD","2000-09-27","SYNCHROTRON","APS BEAMLINE 19-ID"
"1N8R","100","CCD","2000-12-05","SYNCHROTRON","NSLS BEAMLINE X25"
"1NJI","95","CCD","2002-01-22","SYNCHROTRON","NSLS BEAMLINE X25"
"1OOA","105","IMAGE PLATE",,"ROTATING ANODE","RIGAKU RU200"
"1PVO","95","CCD","2003-01-19","SYNCHROTRON","ALS BEAMLINE 8.3.1"
"1H0Q"
"1PN7"
"1PN8"
"1G4Q","123","CCD",,"SYNCHROTRON","NSLS BEAMLINE X8C"
"1JB8","93","IMAGE PLATE","2000-08-15","ROTATING ANODE","ENRAF-NONIUS"
"1FNX"
"1KUQ","100","CCD","1999-09-21","SYNCHROTRON","ESRF BEAMLINE ID14-2"
"1NYB"
"1NTQ"
"1NTS"
"1NTT"
"1J1U","100","CCD","2002-05-23","SYNCHROTRON","SPRING-8 BEAMLINE BL41XU"
,,"CCD","2002-06-13","SYNCHROTRON","SPRING-8 BEAMLINE BL41XU"
"1LNT","100","CCD","2001-05-01","SYNCHROTRON","APS BEAMLINE 14-BM-D"
"1M82"
"422D","290","IMAGE PLATE",,"ROTATING ANODE","RIGAKU RU200"
"1J2B","30","CCD","2002-06-13","SYNCHROTRON","SPRING-8 BEAMLINE BL41XU"
"1O3Z","120","IMAGE PLATE",,"ROTATING ANODE","ENRAF-NONIUS"
"1OSW"
"1OW9"
"1NLC","100","CCD",,"SYNCHROTRON","EMBL/DESY, HAMBURG BEAMLINE BW7A"
"1NTA","100","IMAGE PLATE","2002-05-17","ROTATING ANODE","RIGAKU RUH3R"
"1NTB","100","IMAGE PLATE","2002-05-24","ROTATING ANODE","RIGAKU RUH3R"
"1NZ1"
"1OQ0"
"1N53"
"1O0B","100","AREA DETECTOR","2000-03-17","SYNCHROTRON","SRS BEAMLINE PX9.6"
"1O0C","100","AREA DETECTOR","2000-06-15","SYNCHROTRON","SRS BEAMLINE PX9.6"
"1OND",100,"CCD","2002-04-15","SYNCHROTRON","APS BEAMLINE 19-ID"
,,,,"SYNCHROTRON","ESRF BEAMLINE ID29"
"1H2C","100",,,"SYNCHROTRON","ESRF BEAMLINE ID14-2"
"1H2D","100",,,"SYNCHROTRON","ESRF BEAMLINE ID14-4"
"1LC4","100","CCD","2001-02-24","SYNCHROTRON","ESRF BEAMLINE ID14-2"
"1N8X"
"1MVR"
"1O9M","273","CCD",,"SYNCHROTRON","ESRF BEAMLINE ID29"
"1NB7","100","CCD","2000-09-21","SYNCHROTRON","SRS BEAMLINE PX9.6"
"1NWX","90","CCD","2001-11-14","SYNCHROTRON","APS BEAMLINE 19-ID"
"1NWY","90","CCD","2001-11-14","SYNCHROTRON","APS BEAMLINE 19-ID"
"1KD3","98","IMAGE PLATE","2000-05-31","ROTATING ANODE","RIGAKU"
"1KD4","98","IMAGE PLATE","2000-06-05","ROTATING ANODE","RIGAKU"
"1KD5","98","CCD","2000-08-20","SYNCHROTRON","NSLS BEAMLINE X8C"
"1NBR"
"1L3Z","293","IMAGE PLATE",,"ROTATING ANODE","RIGAKU"
"1MSY","100","CCD","2000-07-06","SYNCHROTRON","APS BEAMLINE 19-ID"
"1N77","100","CCD","2001-06-23","SYNCHROTRON","SPRING-8 BEAMLINE BL41XU"
"1N78","100","CCD","2001-06-12","SYNCHROTRON","SPRING-8 BEAMLINE BL41XU"
"1NC0"
"1MWL","100","CCD","2001-11-07","SYNCHROTRON","ESRF BEAMLINE ID14-4"
,,"CCD","2002-03-11","SYNCHROTRON","ESRF BEAMLINE ID14-1"
"1NBS","100","CCD","2002-04-23","SYNCHROTRON","APS BEAMLINE 5ID-B"
"1O15"
"1IVS","90","IMAGE PLATE","1998-04-24","SYNCHROTRON","SPRING-8 BEAMLINE BL41XU"
"1M8V","100","CCD","2001-11-05","SYNCHROTRON","ESRF BEAMLINE ID29"
"1NJM","90","CCD","2001-11-09","SYNCHROTRON","APS BEAMLINE 19-ID"
"1NJN","90","CCD","2001-09-01","SYNCHROTRON","ESRF BEAMLINE ID14-4"
"1NJO","90","CCD","2001-02-01","SYNCHROTRON","ESRF BEAMLINE ID14-4"
"1NJP","90","CCD","2001-07-01","SYNCHROTRON","APS BEAMLINE 19-ID"
"1NKW","90","CCD","2001-04-01","SYNCHROTRON","ESRF BEAMLINE ID14-4"
"1MJI","100",,,"SYNCHROTRON","ESRF BEAMLINE ID14-1"
"1MZP","100","CCD","2002-04-28","SYNCHROTRON","EMBL/DESY, HAMBURG BEAMLINE BW7A"
"1NA2"
"1ML5"
"1MNX"
"1MT4"
"1N1H","100","CCD","2000-11-01","SYNCHROTRON","APS BEAMLINE 19-ID"
"1N35","100","CCD","2000-12-20","SYNCHROTRON","CHESS BEAMLINE F1"
"1N38","100","CCD","2000-12-20","SYNCHROTRON","CHESS BEAMLINE F1"
"1MUV"
"1MV1"
"1MV2"
"1MV6"
"1JTJ"
"1LVJ"
"1N32","90","CCD","2001-05-05","SYNCHROTRON","ESRF BEAMLINE ID14-4"
"1N33","90","CCD","2001-06-24","SYNCHROTRON","ESRF BEAMLINE ID14-4"
"1N34","90","CCD","2001-05-05","SYNCHROTRON","ESRF BEAMLINE ID14-4"
"1N36","90","CCD","2001-06-24","SYNCHROTRON","ESRF BEAMLINE ID14-4"
"1LAJ","298","IMAGE PLATE","1997-04-01","SYNCHROTRON","NSLS BEAMLINE X12B"
,,"IMAGE PLATE","1997-04-23","SYNCHROTRON","SSRL BEAMLINE BL7-1"
"1LMV"
"1LPW"
"1H38","100","IMAGE PLATE",,"SYNCHROTRON","SPRING-8 BEAMLINE BL45XU"
"1MSW","100","CCD",,"SYNCHROTRON","APS BEAMLINE 19-ID"
,,,,"SYNCHROTRON","NSLS BEAMLINE X25"
"1MFK"
"1MFJ"
"1MJ1"
"1H3E","100","CCD","2001-02-15","SYNCHROTRON","ESRF BEAMLINE ID14-4"
"1M5O","150","CCD","2002-03-10","SYNCHROTRON","ALS BEAMLINE 5.0.1"
"1M5P","150","IMAGE PLATE","2001-12-12","ROTATING ANODE","RIGAKU RU200"
"1M5V","150","CCD","2001-11-08","SYNCHROTRON","ALS BEAMLINE 5.0.2"
"1H1K","281","IMAGE PLATE",,"SYNCHROTRON","ESRF BEAMLINE ID2"
"1M8W","93","CCD","2001-03-07","SYNCHROTRON","NSLS BEAMLINE X9B"
"1M8X","93","IMAGE PLATE","2001-03-07","ROTATING ANODE","RIGAKU RUH3R"
"1M8Y","93","CCD","2001-03-07","SYNCHROTRON","NSLS BEAMLINE X9B"
"1MFQ","100","CCD","2002-02-19","SYNCHROTRON","ESRF BEAMLINE ID14-4"
"1M5L"
"1MFY"
"1M90","100","CCD","2001-06-15","SYNCHROTRON","APS BEAMLINE 19-ID"
"1MHK","193","IMAGE PLATE","2001-01-31","ROTATING ANODE","RIGAKU RU200"
,,"CCD","2001-04-13","SYNCHROTRON","NSLS BEAMLINE X25"
"1JU1"
"1L8V","100","CCD","2001-04-21","SYNCHROTRON","NSLS BEAMLINE X25"
"1M5K","150","CCD","2000-10-05","SYNCHROTRON","ALS BEAMLINE 5.0.2"
"1K8A","100","CCD","2000-09-27","SYNCHROTRON","APS BEAMLINE 19-ID"
"1K9M","100","CCD","2000-09-27","SYNCHROTRON","APS BEAMLINE 19-ID"
"1KD1","100","CCD","2000-09-28","SYNCHROTRON","APS BEAMLINE 19-ID"
"1M1K","100","CCD","2001-12-23","SYNCHROTRON","APS BEAMLINE 19-ID"
"1J4Y"
"1KKA"
"1KQ2","298","IMAGE PLATE","2001-06-11","SYNCHROTRON","SSRL BEAMLINE BL9-1"
"1L9A","100","CCD","2001-06-30","SYNCHROTRON","ESRF BEAMLINE BM14"
"1LS2"
"1LU3"
"1LNG","100","IMAGE PLATE","2001-09-15","SYNCHROTRON","MAX II BEAMLINE I711"
"1HHW"
"1HHX"
"1LC6"
"1HC8","100","IMAGE PLATE","1998-09-09","SYNCHROTRON","NSLS BEAMLINE X4A"
"1L1W"
"1J7T","100","CCD","2000-09-28","SYNCHROTRON","ESRF BEAMLINE ID14-1"
"1K2G"
"1JOX"
"1JP0"
"1KH6","100",,,"SYNCHROTRON","NSLS BEAMLINE X25"
"1KOG","100","CCD","2001-02-16","SYNCHROTRON","ESRF BEAMLINE ID14-2"
"1J5E","100","CCD","2000-06-02","SYNCHROTRON","APS BEAMLINE 19-ID"
,,"CCD","2000-05-05","SYNCHROTRON","ESRF BEAMLINE ID14-4"
"1KP7"
"1GTF","120",,"1999-02-15","SYNCHROTRON","ESRF BEAMLINE ID14-4"
"1GTN","120",,"1999-02-15","SYNCHROTRON","ESRF BEAMLINE ID14-4"
"1L1C"
"1KXK","100","CCD","2001-04-22","SYNCHROTRON","NSLS BEAMLINE X25"
,,"CCD","2001-04-22","SYNCHROTRON","NSLS BEAMLINE X25"
"1L2X","100","CCD","1998-11-12","SYNCHROTRON","APS BEAMLINE 5ID-B"
"1L3D","100","IMAGE PLATE","1997-06-17","SYNCHROTRON","SSRL BEAMLINE BL1-5"
"1JU7"
"1JWC"
"1KKS"
"1J5A","90","CCD","2001-07-01","SYNCHROTRON","APS BEAMLINE 19-ID"
"1KQS","100","CCD","2000-09-29","SYNCHROTRON","APS BEAMLINE 19-ID"
"1HJI"
"1KNZ","100","CCD","2001-04-11","SYNCHROTRON","NSLS BEAMLINE X9A"
"1JUR"
"1KPY"
"1KPZ"
"1HG9"
"1K8W","100","CCD","2001-06-07","SYNCHROTRON","ALS BEAMLINE 5.0.2"
,,"IMAGE PLATE","2001-07-04","ROTATING ANODE","RIGAKU RU200"
"1K4A"
"1K4B"
"1K6G"
"1K6H"
"1JTW"
"1KFO"
"1K9W","100","CCD",,"SYNCHROTRON","ESRF BEAMLINE ID14-3"
"1J8G","100","CCD",,"SYNCHROTRON","APS BEAMLINE 14-BM-D"
"1K8S"
"1FUF","100","CCD","2000-04-13","SYNCHROTRON","NSLS BEAMLINE X4A"
"1IK5","140","IMAGE PLATE","2000-05-02","ROTATING ANODE","RIGAKU"
"1K1G"
"1J9H","100","CCD",,"SYNCHROTRON","APS BEAMLINE 14-BM-D"
"1JBR","100","CCD","2000-03-22","SYNCHROTRON","APS BEAMLINE 14-BM-C"
"1JBS","100","CCD","2000-05-27","SYNCHROTRON","APS BEAMLINE 14-BM-C"
"1JBT","100","CCD","2001-05-27","SYNCHROTRON","APS BEAMLINE 14-BM-C"
"1JZX","90","CCD","2001-04-01","SYNCHROTRON","ESRF BEAMLINE ID14-4"
"1JZY","90","CCD","2001-04-01","SYNCHROTRON","ESRF BEAMLINE ID14-4"
"1JZZ","90","CCD","2001-07-01","SYNCHROTRON","APS BEAMLINE 19-ID"
"1K01","90","CCD","2001-04-01","SYNCHROTRON","ESRF BEAMLINE ID14-4"
"1JID","100","CCD","2001-05-01","SYNCHROTRON","ESRF BEAMLINE ID29"
"1K5I"
"1IDV"
"1IL2","120","IMAGE PLATE",,"SYNCHROTRON","EMBL/DESY, HAMBURG BEAMLINE X11"
"1I7J","100","IMAGE PLATE","1996-10-03","SYNCHROTRON","EMBL/DESY, HAMBURG BEAMLINE BW7A"
"1JO7"
"439D","170","IMAGE PLATE","1998-04-04","SYNCHROTRON","ELETTRA BEAMLINE 5.2R"
"1I9X","298","IMAGE PLATE","1999-02-10","ROTATING ANODE","RIGAKU RU200"
"1G59","100","IMAGE PLATE","1998-02-20","SYNCHROTRON","PHOTON FACTORY BEAMLINE BL-6A"
"1HS2"
"1I5L","100","CCD","2000-10-27","SYNCHROTRON","ESRF BEAMLINE ID13"
"1E95"
"1I6U","110","IMAGE PLATE","2000-05-17","SYNCHROTRON","ESRF BEAMLINE BM30A"
,,"IMAGE PLATE","2000-06-20","SYNCHROTRON","ESRF BEAMLINE BM30A"
,,"CCD","2000-06-25","SYNCHROTRON","EMBL/DESY, HAMBURG BEAMLINE X11"
"1G3A"
"1JJ2","100","IMAGE PLATE","2000-02-25","SYNCHROTRON","NSLS BEAMLINE X25"
,,"CCD","2000-04-01","SYNCHROTRON","APS BEAMLINE 19-ID"
"1JGO","100","CCD",,"SYNCHROTRON","ALS BEAMLINE 5.0.2"
"1JGP","100","CCD",,"SYNCHROTRON","ALS BEAMLINE 5.0.2"
"1JGQ","100","CCD",,"SYNCHROTRON","ALS BEAMLINE 5.0.2"
"1IK1"
"1F7U","100","CCD","1999-06-01","SYNCHROTRON","ESRF BEAMLINE ID14-4"
"1F7V","110","CCD","1999-11-25","SYNCHROTRON","ESRF BEAMLINE ID14-3"
"1FEU","100","IMAGE PLATE","1999-05-01","SYNCHROTRON","MAX II BEAMLINE I711"
,,"IMAGE PLATE","1999-11-20","SYNCHROTRON","EMBL/DESY, HAMBURG BEAMLINE BW7A"
"1IE1"
"1IE2"
"1H4Q","100","IMAGE PLATE","1998-06-15","SYNCHROTRON","ESRF BEAMLINE ID2"
"1H4S","100","IMAGE PLATE","1998-04-15","SYNCHROTRON","ESRF BEAMLINE ID2"
"1I9V","100","IMAGE PLATE","1999-03-25","SYNCHROTRON","MAX II BEAMLINE I711"
"1I9K"
"1I9F"
"1HWQ"
"1IBK","90","CCD","2001-02-24","SYNCHROTRON","APS BEAMLINE 19-ID"
"1IBL","90","CCD","2001-02-25","SYNCHROTRON","APS BEAMLINE 19-ID"
"1IBM","90","CCD","2001-02-23","SYNCHROTRON","APS BEAMLINE 19-ID"
"1I6H","100","CCD","1999-11-17","SYNCHROTRON","SSRL BEAMLINE BL9-2"
"1I46"
"1I4B"
"1I4C"
"1HR2","100","CCD","1999-03-24","SYNCHROTRON","ALS BEAMLINE 5.0.1"
"1I94","85","CCD","2000-12-01","SYNCHROTRON","APS BEAMLINE 19-ID"
,,"CCD","2000-06-01","SYNCHROTRON","ESRF BEAMLINE ID14-2"
,,"IMAGE PLATE","2000-07-01","SYNCHROTRON","MPG/DESY, HAMBURG BEAMLINE BW6"
,,"IMAGE PLATE","2000-04-01","SYNCHROTRON","EMBL/DESY, HAMBURG BEAMLINE BW7B"
"1I95","85","CCD","2000-09-01","SYNCHROTRON","APS BEAMLINE 19-ID"
"1I96","85","CCD","2000-12-01","SYNCHROTRON","APS BEAMLINE 19-ID"
,,"IMAGE PLATE","2000-07-01","SYNCHROTRON","MPG/DESY, HAMBURG BEAMLINE BW6"
"1I97","85","CCD","2000-09-01","SYNCHROTRON","APS BEAMLINE 19-ID"
"1I3X"
"1I3Y"
"1HYS","115","IMAGE PLATE","1996-03-20","SYNCHROTRON","NSLS BEAMLINE X25"
"1FHK"
"1FYO"
"1FYP"
"1HNW","100","CCD","2000-07-25","SYNCHROTRON","ESRF BEAMLINE ID14-4"
"1HNX","100","CCD","2000-07-25","SYNCHROTRON","ESRF BEAMLINE ID14-4"
"1HNZ","100","CCD","2000-07-25","SYNCHROTRON","ESRF BEAMLINE ID14-4"
"1E7K","100",,"1999-03-15","SYNCHROTRON","ESRF BEAMLINE BM14"
"1G70"
"1FXL","93","IMAGE PLATE","2000-03-06","ROTATING ANODE","RIGAKU RUH3R"
,,"CCD","2000-03-23","SYNCHROTRON","NSLS BEAMLINE X9B"
"1G2E","93","IMAGE PLATE","2000-04-05","ROTATING ANODE","RIGAKU RUH3R"
"1HR0","100","CCD","2000-07-25","SYNCHROTRON","ESRF BEAMLINE ID14-4"
"1FIR","110","CCD","1998-02-02","SYNCHROTRON","ESRF BEAMLINE BM02"
"1FQZ"
"1E4P"
"1FJE"
"1HQ1","100","CCD","1999-05-20","SYNCHROTRON","ALS BEAMLINE 5.0.2"
"1FOQ"
"1F8V","90","CCD","1999-11-14","SYNCHROTRON","SSRL BEAMLINE BL9-2"
,,"CCD","1999-04-22","SYNCHROTRON","APS BEAMLINE 14-ID-B"
"1G2J","100","CCD","2000-03-15","SYNCHROTRON","APS BEAMLINE 5ID-B"
"1GAX","90","IMAGE PLATE","1998-04-24","SYNCHROTRON","SPRING-8 BEAMLINE BL41XU"
"472D","293","IMAGE PLATE","1998-09-16","ROTATING ANODE","RIGAKU"
"1F7Y","100","CCD","1999-10-18","SYNCHROTRON","EMBL/DESY, HAMBURG BEAMLINE BW7A"
"1FEQ"
"1F84"
"1F85"
"1DQF","263","IMAGE PLATE",,"ROTATING ANODE","RIGAKU RU300"
"1DQH","263","IMAGE PLATE",,"ROTATING ANODE","RIGAKU RU300"
"1EKA"
"1EKD"
"1ET4",,"CCD",,"SYNCHROTRON","ALS BEAMLINE 5.0.2"
"1E8O","100","CCD","1999-09-15","SYNCHROTRON","ESRF BEAMLINE ID14-2"
"1E8S","100","CCD","1999-11-15","SYNCHROTRON","ESRF BEAMLINE ID14-2"
"1DDL","295","IMAGE PLATE","1996-03-28","SYNCHROTRON","SSRL BEAMLINE BL7-1"
"1G1X","100","IMAGE PLATE","1999-04-26","SYNCHROTRON","SSRL BEAMLINE BL9-1"
"1EJZ"
"1FL8"
"1F6U"
"1F6X"
"1F6Z"
"1F78"
"1F79"
"1F7F"
"1F7G"
"1F7H"
"1F7I"
"1EHZ","80","CCD",,"SYNCHROTRON","CHESS BEAMLINE A1"
"1FJG","100","CCD","2000-05-05","SYNCHROTRON","ESRF BEAMLINE ID14-4"
"1F1T","100","CCD","1999-08-25","SYNCHROTRON","ALS BEAMLINE 5.0.2"
"1FKA","95","CCD","2000-06-15","SYNCHROTRON","ESRF BEAMLINE ID14-2"
"1FFZ","100","CCD","2000-04-02","SYNCHROTRON","APS BEAMLINE 19-ID"
"1FG0","100","CCD","1999-12-13","SYNCHROTRON","APS BEAMLINE 19-ID"
"1EKZ"
"1F5U"
"1FFK","100","IMAGE PLATE","2000-02-25","SYNCHROTRON","NSLS BEAMLINE X25"
,,"CCD","2000-04-01","SYNCHROTRON","APS BEAMLINE 19-ID"
"1FCW"
"1C4L"
"1FFY","100","CCD",,"SYNCHROTRON","CHESS BEAMLINE A1"
"1F9L"
"1QD3"
"1EGK","100","IMAGE PLATE","1999-03-20","SYNCHROTRON","SSRL BEAMLINE BL7-1"
"1F5G"
"1F5H"
"1EFW","123","IMAGE PLATE",,"SYNCHROTRON","LURE BEAMLINE DW32"
"1EMI","105","CCD",,"SYNCHROTRON","ALS"
"1F27",100,"CCD","1998-09-20","SYNCHROTRON","ALS BEAMLINE 5.0.2"
,,"CCD","1999-03-21","SYNCHROTRON","ALS BEAMLINE 5.0.2"
"1EUQ","100","CCD","1999-04-12","SYNCHROTRON","ALS BEAMLINE 5.0.2"
"1EUY","100","CCD","1999-04-12","SYNCHROTRON","ALS BEAMLINE 5.0.1"
"1ESY"
"1EFO","297","IMAGE PLATE","1999-07-22","ROTATING ANODE","RIGAKU"
"1D0T"
"1D0U"
"1DUQ","100","CCD","1999-08-26","SYNCHROTRON","ALS BEAMLINE 5.0.2"
"1EXD","100","CCD","1999-01-17","SYNCHROTRON","ALS BEAMLINE 5.0.1"
"1EXY"
"479D","263","IMAGE PLATE","1998-12-15","ROTATING ANODE","RIGAKU"
"1DUH","100","IMAGE PLATE","1999-08-01","SYNCHROTRON","ELETTRA BEAMLINE 5.2R"
"1EVV","100","CCD","1999-04-20","SYNCHROTRON","ESRF BEAMLINE ID14-4"
"1ESH"
"1MMS","100","CCD",,"SYNCHROTRON","NSLS BEAMLINE X12C"
"1C2W"
"1C2X"
"1DK1","100","CCD","1999-10-18","SYNCHROTRON","EMBL/DESY, HAMBURG BEAMLINE BW7A"
"1DZ5"
"1EFS"
"1EG0"
"1EI2"
"1EIY","293","AREA DETECTOR","1992-10-10","ROTATING ANODE","RIGAKU RU200"
,,"IMAGE PLATE","1993-10-10","SYNCHROTRON","LURE BEAMLINE D41A"
"488D","100","CCD","1999-10-15","SYNCHROTRON","NSLS BEAMLINE X25"
"1DUL","100","CCD","1999-06-30","SYNCHROTRON","NSLS BEAMLINE X4A"
"1EC6","100","CCD","1998-09-01","SYNCHROTRON","CHESS BEAMLINE A1"
"1CSL","100","CCD","1998-05-09","SYNCHROTRON","CHESS BEAMLINE F1"
"1QLN","100","CCD",,"SYNCHROTRON","NSLS BEAMLINE X25"
"1DV4",,,,"SYNCHROTRON","EMBL/DESY, HAMBURG BEAMLINE BW7B"
,,,,"SYNCHROTRON","MPG/DESY, HAMBURG BEAMLINE BW6"
,,,,"SYNCHROTRON","CHESS BEAMLINE F1"
,,,,"SYNCHROTRON","APS BEAMLINE 19-ID"
,,,,"SYNCHROTRON","ESRF BEAMLINE ID2"
"1CQL"
"1DDY","100","CCD","1998-09-20","SYNCHROTRON","ALS BEAMLINE 5.0.1"
"1D4R","100","CCD","1998-12-07","SYNCHROTRON","ESRF BEAMLINE ID14-4"
"1DFU","100","CCD","1998-01-01","SYNCHROTRON","NSLS BEAMLINE X12C"
"1DI2","113","IMAGE PLATE","1996-01-25","ROTATING ANODE","RIGAKU RU200"
"462D","120","CCD","1998-02-25","SYNCHROTRON","ESRF BEAMLINE D2AM"
,,"IMAGE PLATE","1998-03-07","ROTATING ANODE","ENRAF-NONIUS FR591"
"1C2Q"
"1QBP","100","IMAGE PLATE","1996-02-25","SYNCHROTRON","SSRL BEAMLINE BL1-5"
"1C0A","120","IMAGE PLATE",,"SYNCHROTRON","LURE BEAMLINE D41A"
"1D6K"
"1QC0","100","CCD","1997-11-15","SYNCHROTRON","CHESS BEAMLINE F1"
,,"IMAGE PLATE","1998-05-30","ROTATING ANODE","RIGAKU RU300"
"1QCU","100","CCD","1997-05-17","SYNCHROTRON","CHESS BEAMLINE A1"
,,"IMAGE PLATE","1997-07-06","ROTATING ANODE","RIGAKU RU300"
"1BYJ"
"1KOS"
"1BYX"
"484D"
"480D","295","IMAGE PLATE","1998-05-12","ROTATING ANODE","RIGAKU RU200"
"483D","100","CCD","1998-05-14","SYNCHROTRON","APS BEAMLINE 14-BM-D"
"1CVJ","93","CCD","1998-12-11","SYNCHROTRON","CHESS BEAMLINE A1"
,,"CCD","1999-02-03","SYNCHROTRON","CHESS BEAMLINE F1"
,,"CCD","1999-02-22","SYNCHROTRON","NSLS BEAMLINE X9B"
"486D","105","AREA DETECTOR",,"SYNCHROTRON","ALS BEAMLINE 5.0.2"
"1C9S","120","IMAGE PLATE","1997-10-25","SYNCHROTRON","EMBL/DESY, HAMBURG BEAMLINE BW7B"
"1CX5"
"1C04","100","CCD","1998-03-15","SYNCHROTRON","NSLS BEAMLINE X12B"
,,"CCD","1998-06-15","SYNCHROTRON","NSLS BEAMLINE X25"
"1C0O"
"1NEM"
"1QC8"
"1QD7","100","CCD","1999-03-04","SYNCHROTRON","NSLS BEAMLINE X25"
"1QU2","100","CCD",,"SYNCHROTRON","CHESS BEAMLINE A1"
"1QU3","100","CCD",,"SYNCHROTRON","CHESS BEAMLINE A1"
"1CQ5"
"464D","100","IMAGE PLATE","1996-09-23","SYNCHROTRON","ESRF BEAMLINE BM14"
"466D","100","IMAGE PLATE","1997-02-03","SYNCHROTRON","EMBL/DESY, HAMBURG BEAMLINE X11"
"2FMT","100","IMAGE PLATE",,"SYNCHROTRON","LURE BEAMLINE DW32"
"2TOB"
"434D","100","IMAGE PLATE","1997-02-03","SYNCHROTRON","EMBL/DESY, HAMBURG BEAMLINE X11"
"435D","100","IMAGE PLATE","1997-11-28","SYNCHROTRON","EMBL/DESY, HAMBURG BEAMLINE BW7A"
"1QA6","100","IMAGE PLATE","1998-09-09","SYNCHROTRON","NSLS BEAMLINE X4A"
"438D",,"IMAGE PLATE",,"ROTATING ANODE","RIGAKU"
"468D","120","CCD","1998-02-07","SYNCHROTRON","APS BEAMLINE 5ID-B"
"469D","120","CCD","1998-02-07","SYNCHROTRON","APS BEAMLINE 5ID-B"
"470D","120","IMAGE PLATE","1998-04-03","ROTATING ANODE","RIGAKU RU200"
"471D","293","IMAGE PLATE","1998-04-03","ROTATING ANODE","RIGAKU RU200"
"1QF6","120","IMAGE PLATE","1998-05-15","SYNCHROTRON","ESRF BEAMLINE ID2"
"1B7F","300","IMAGE PLATE","1996-08-15","ROTATING ANODE","RIGAKU"
"1BAU"
"1BN0"
"1BZ2"
"1BZ3"
"1BZT"
"1BZU"
"2A8V","110","IMAGE PLATE","1998-04-15","SYNCHROTRON","NSLS BEAMLINE X4A"
"17RA"
"1QFQ"
"28SR"
"28SP"
"1B2M","287","IMAGE PLATE",,"ROTATING ANODE","RIGAKU RU200"
"429D","100","IMAGE PLATE","1998-05-07","SYNCHROTRON","SSRL BEAMLINE BL7-1"
"1BR3","100","IMAGE PLATE","1998-02-15","SYNCHROTRON","SSRL BEAMLINE BL9-1"
"2LDZ"
"1DRZ","100","IMAGE PLATE","1998-03-15","SYNCHROTRON","NSLS BEAMLINE X4A"
"406D",110,"IMAGE PLATE","1995-11-10","SYNCHROTRON","NSLS BEAMLINE X12B"



"1BJ2"
"2BJ2"
"1WTS"
"1WTT"
"1BGZ"
"1HVU","100","CCD","1995-03-15","SYNCHROTRON","CHESS BEAMLINE A1"
"405D","293","IMAGE PLATE","1997-04-22","ROTATING ANODE","RIGAKU"
"409D","293","IMAGE PLATE","1995-10-02","ROTATING ANODE","RIGAKU"
"420D","293","IMAGE PLATE","1997-05-27","ROTATING ANODE","RIGAKU"
"421D","263","IMAGE PLATE","1997-02-15","ROTATING ANODE","RIGAKU"
"1B36"
"404D","293","CCD",,"SYNCHROTRON","ESRF BEAMLINE BM14"
"1BVJ"
"1B23","100","IMAGE PLATE","1997-04-15","SYNCHROTRON","EMBL/DESY, HAMBURG BEAMLINE X11"
"1ZDK","280","IMAGE PLATE","1994-12-12","SYNCHROTRON","ESRF BEAMLINE ID2"
"433D","100","CCD","1996-09-15","SYNCHROTRON","CHESS BEAMLINE F2"
"437D","100","IMAGE PLATE","1997-06-14","SYNCHROTRON","NSLS BEAMLINE X4A"
"1LDZ"
"1GRZ","100","CCD",,"SYNCHROTRON","NSLS BEAMLINE X25"
"5MSF","278","IMAGE PLATE","1997-09-15","SYNCHROTRON","ESRF BEAMLINE ID2"
"7MSF","278","IMAGE PLATE","1997-09-15","SYNCHROTRON","ESRF BEAMLINE ID2"
"2TPK"
"3PHP"
"430D","100","CCD","1997-11-15","SYNCHROTRON","CHESS BEAMLINE A1"
"398D","100","IMAGE PLATE","1997-11-28","SYNCHROTRON","EMBL/DESY, HAMBURG BEAMLINE BW7A"
,,"IMAGE PLATE","1997-11-28","SYNCHROTRON","EMBL/DESY, HAMBURG BEAMLINE X31"
"1A9N","100","IMAGE PLATE","1996-09-15","SYNCHROTRON","ELETTRA BEAMLINE 5.2R"
"397D",100,"CCD","1997-05-01","SYNCHROTRON","CHESS BEAMLINE A1"
,,"IMAGE PLATE",,"ROTATING ANODE","RIGAKU RU300"
"377D","291","IMAGE PLATE",,"ROTATING ANODE","RIGAKU R-AXIS II"
"413D","293","DIFFRACTOMETER","1990-12-15","ROTATING ANODE","RIGAKU RU300"
"1ZDJ","280","IMAGE PLATE","1994-12-12","SYNCHROTRON","SRS BEAMLINE PX9.6"
"6MSF","278","IMAGE PLATE","1997-06-30","SYNCHROTRON","SRS BEAMLINE PX9.6"
"361D","277","IMAGE PLATE","1995-01-01","SYNCHROTRON","EMBL/DESY, HAMBURG BEAMLINE X11"
"1A1T"
"1A9L"
"2A9L"
"402D","100","IMAGE PLATE","1998-01-01","ROTATING ANODE","RIGAKU"
"1A51"
"1A60"
"1QTQ","110","IMAGE PLATE","1995-05-30","SYNCHROTRON","NSLS BEAMLINE X25"
"8DRH"
"8PSH"
"1R3X"
"1A34","290","AREA DETECTOR","1992-02-29","ROTATING ANODE","RIGAKU RU200"
"1A3M"
"1A4D"
"1A4T"
"1DRR"
"1RRD"
"1RRR"
"1U2A"
"2U2A"
"1ATV"
"1ATW"
"1AUD"
"1AV6","103","AREA DETECTOR","1997-08-15","ROTATING ANODE","RIGAKU RU200"
"1UUU"
"379D","100","CCD","1997-05-09","SYNCHROTRON","NSLS BEAMLINE X12C"
"1AQO"
"364D","100","CCD","1995-03-28","SYNCHROTRON","CHESS BEAMLINE A1"
"1AQ3","290","IMAGE PLATE","1995-03-28","SYNCHROTRON","SRS BEAMLINE PX9.6"
"1AQ4","290","IMAGE PLATE","1995-05-28","SYNCHROTRON","SRS BEAMLINE PX9.6"
"1EHT"
"1VOP"
"1AJU"
"1AL5"
"357D","100","IMAGE PLATE","1996-04-30","SYNCHROTRON","NSLS BEAMLINE X4A"
"354D","100","CCD","1996-09-09","SYNCHROTRON","CHESS BEAMLINE A1"
"1AKX"
"1ATO"
"1TLR"
"353D","153","IMAGE PLATE",,"SEALED TUBE","CONVENTIONAL Mo"
,,"IMAGE PLATE",,"SYNCHROTRON","EMBL/DESY, HAMBURG BEAMLINE X11"
"359D","100","IMAGE PLATE","1996-11-03","SYNCHROTRON","SRS BEAMLINE PX9.6"
"333D","297","IMAGE PLATE","1993-04-21","ROTATING ANODE"
"1KIS"
"1YFV"
"1PBR"
"1YFG","278","FILM","1988-01-01","SYNCHROTRON","SSRL"
,,"STORAGE PHOSPHORS","1988-01-01","SYNCHROTRON","CHESS"
,,"IMAGE PLATE","1988-01-01","SYNCHROTRON","PHOTON FACTORY"
"1AJT"
"1ULL"
"1AM0"
"1AJF"
"1AJL"
"1EBQ"
"1EBR"
"1EBS"
"1MIS"
"1NXR"
"1PBL"
"1PBM"
"310D","277","IMAGE PLATE","1995-05-14","SYNCHROTRON","EMBL/DESY, HAMBURG BEAMLINE BW7B"
"1AC3"
"1TOB"
"1QES"
"1QET"
"1AFX"
"1RMV","298","FILM","1990-10-30","ROTATING ANODE","ELLIOT GX-6"
"1SLP"
"1ZDH",,"IMAGE PLATE","1994-06-23","SYNCHROTRON","EMBL/DESY, HAMBURG BEAMLINE X11"
"1ZDI",,"IMAGE PLATE",,"SYNCHROTRON","SRS BEAMLINE PX9.6"
"1IKD"
"1KPD"
"1ETF"
"1ETG"
"1MWG"
"1ZIF"
"1ZIG"
"1ZIH"
"1GUC"
"1TFN"
"1MNB"
"1NAO"
"1RAW"
"299D","100",,"1995-09-28","SYNCHROTRON","NSLS BEAMLINE X12C"
"300D","100",,"1995-09-28","SYNCHROTRON","NSLS BEAMLINE X12C"
"301D","100","IMAGE PLATE","1996-01-20","SYNCHROTRON","SRS BEAMLINE PX7.2"
"1ANR"
"1GID","110","CCD","1995-12-30","SYNCHROTRON","CHESS BEAMLINE A1"
"1BIV"
"1TTT","100","IMAGE PLATE","1995-03-10","SYNCHROTRON","SRS BEAMLINE PX9.6"
"1FIX",,"AREA DETECTOR","1994-10-01"
"1QRS",,"AREA DETECTOR","1990-12-30"
"1QRT",,"AREA DETECTOR","1990-09-28"
"1QRU",,"AREA DETECTOR","1989-12-01"
"1SLO"
"1ARJ"
"1KOD"
"1RXA",,"IMAGE PLATE",,"ROTATING ANODE","ENRAF-NONIUS"
"280D","100","AREA DETECTOR","1995-03-22","ROTATING ANODE","RIGAKU RU200"
"283D",,"IMAGE PLATE","1992-10-10","SYNCHROTRON","SSRL BEAMLINE BL7-1"
"1RXB",,"IMAGE PLATE",,"ROTATING ANODE","ENRAF-NONIUS"
"259D",,"IMAGE PLATE","1995-08-23","SYNCHROTRON","EMBL/DESY, HAMBURG BEAMLINE X31"
"1KOC"
"1FMN"
"1KAJ"
"1OSU","277","AREA DETECTOR",,"ROTATING ANODE","MACSCIENCE"
"1URN",,"IMAGE PLATE",,"SYNCHROTRON","SRS BEAMLINE PX9.6"
"1MME","173","IMAGE PLATE","1994-11-03","SYNCHROTRON","SRS BEAMLINE PX9.6"
"1HMH",,"IMAGE PLATE",,"SYNCHROTRON","SSRL BEAMLINE BL7-1"
"1RNG"
"219D"
"1HLX"
"205D",,"IMAGE PLATE","1993-07-01","SYNCHROTRON","SSRL"
"1RHT"
"1CWP",,,,"SYNCHROTRON","CHESS BEAMLINE F1"
"1ASY",,"IMAGE PLATE","1988-01-01"
"1ASZ",,"IMAGE PLATE","1992-01-01"
"1RNK"
"1SDR"
"1GTR"
"1GTS"
"255D",,"DIFFRACTOMETER",,"ROTATING ANODE"
"1RMN"
"1SCL"
"176D"
"165D",,"IMAGE PLATE",,"SYNCHROTRON","LURE"
,,"DIFFRACTOMETER"
"2BBV"
"1VTM"
"157D","297","IMAGE PLATE",,"ROTATING ANODE","RIGAKU RU200"
"1CGM"
"1SER"
"1ELH"
"1RAU"
"124D"
"1GSG",,"AREA DETECTOR"
"1RNA","291","DIFFRACTOMETER"
"1BMV",,,,"SYNCHROTRON","CHESS"
"2TMV"
"2TRA"
"3TRA"
"4TRA"
"1TN1"
"1TN2"
"1TRA"
"6TNA"
"4TNA"
